season,week,era,alive_size,thr_pct,B
1,1,rank,6,0.425121777783292,1200
1,2,rank,6,0.5067223256235229,1200
1,3,rank,5,0.4451524261873737,1200
1,4,rank,4,0.4721965953166525,1200
1,5,rank,3,0.5327618719755364,1200
2,1,rank,10,0.42787329656643464,1200
2,2,rank,9,0.41735808082549625,1200
2,3,rank,8,0.45681961869951665,1200
2,4,rank,7,0.5055559607109504,1200
2,5,rank,6,0.4023976645833989,1200
2,6,rank,5,0.49011862921358945,1200
2,7,rank,4,0.5646926855346042,1200
2,8,rank,3,0.6807844575337385,1200
3,1,percent,11,0.2496312955069968,1200
3,2,percent,10,0.22433385322881053,1200
3,3,percent,9,0.2158736823535925,1200
3,4,percent,8,0.23335966021022997,1200
3,5,percent,7,0.2245181557329209,1200
3,6,percent,5,0.38772375181158103,1200
3,7,percent,5,0.3655253349088622,1200
3,8,percent,4,0.3391138346389746,1200
3,9,percent,3,0.3501182755383471,1200
4,1,percent,11,0.3267497209435801,1200
4,2,percent,11,0.30597719964343284,1200
4,3,percent,10,0.31756292457866275,1200
4,4,percent,9,0.3446866893702223,1200
4,5,percent,8,0.3699427293567884,1200
4,6,percent,7,0.3454083563917132,1200
4,7,percent,6,0.3695534354309423,1200
4,8,percent,5,0.3749094415138837,1200
4,9,percent,4,0.33777781648962846,1200
4,10,percent,3,0.3599618800601067,1200
5,1,percent,12,0.2825766055877796,1200
5,2,percent,11,0.2998242776944975,1200
5,3,percent,10,0.2973363034522203,1200
5,4,percent,9,0.2793410892015087,1200
5,5,percent,8,0.2884765368948785,1200
5,6,percent,7,0.3020882224423646,1200
5,7,percent,6,0.2923434893462328,1200
5,8,percent,5,0.3043573812225725,1200
5,9,percent,4,0.32550273154694287,1200
5,10,percent,3,0.3780190863965761,1200
6,1,percent,12,0.2920827153171127,1200
6,2,percent,12,0.29249271929236764,1200
6,3,percent,10,0.3093713924490192,1200
6,4,percent,9,0.3229557338454576,1200
6,5,percent,8,0.3133663026257547,1200
6,6,percent,7,0.32772602545053164,1200
6,7,percent,6,0.31918413013637764,1200
6,8,percent,5,0.3347512986823066,1200
6,9,percent,4,0.3421255828463192,1200
6,10,percent,3,0.3686895846658893,1200
7,1,percent,13,0.2895842173801348,1200
7,2,percent,11,0.2973990552973524,1200
7,3,percent,9,0.34327699315084326,1200
7,4,percent,9,0.3359616671681339,1200
7,5,percent,8,0.33305940811396406,1200
7,6,percent,7,0.38133756814638453,1200
7,7,percent,6,0.3362712386809443,1200
7,8,percent,5,0.3371677441985068,1200
7,9,percent,4,0.3696295456061505,1200
7,10,percent,3,0.3644885035437268,1200
8,1,percent,13,0.2719229365147824,1200
8,2,percent,13,0.2722238700148983,1200
8,3,percent,12,0.29530993261903177,1200
8,4,percent,11,0.30156362648243695,1200
8,5,percent,9,0.3107824829780509,1200
8,6,percent,8,0.3349308799046641,1200
8,7,percent,7,0.327663417338127,1200
8,8,percent,6,0.30569199101438393,1200
8,9,percent,5,0.3381839820732645,1200
8,10,percent,4,0.36813854122434264,1200
8,11,percent,3,0.3578322447471368,1200
9,1,percent,16,0.20226582931483972,1200
9,2,percent,14,0.19883050809841546,1200
9,3,percent,13,0.21544095147929887,1200
9,4,percent,11,0.23561906883682904,1200
9,5,percent,10,0.22801565484944403,1200
9,6,percent,9,0.22733042231099687,1200
9,7,percent,7,0.2827635014588177,1200
9,8,percent,5,0.34355621812520987,1200
9,9,percent,4,0.36286045254489874,1200
9,10,percent,3,0.38467629807474546,1200
10,1,percent,11,0.31301275113112254,1200
10,2,percent,11,0.33325666797815257,1200
10,3,percent,10,0.33681326056183136,1200
10,4,percent,9,0.31822717172566145,1200
10,5,percent,8,0.34632205306370123,1200
10,6,percent,7,0.33033527711881405,1200
10,7,percent,6,0.3064716702673197,1200
10,8,percent,5,0.3451742125229822,1200
10,9,percent,4,0.3448969853102285,1200
10,10,percent,3,0.3465441453009651,1200
11,1,percent,12,0.32259685576643277,1200
11,2,percent,11,0.3540412710140437,1200
11,3,percent,10,0.31440315739225894,1200
11,4,percent,9,0.3375967528802022,1200
11,5,percent,8,0.3248910441380536,1200
11,6,percent,7,0.3520981168626844,1200
11,7,percent,6,0.32423379430301136,1200
11,8,percent,5,0.35325459552796834,1200
11,9,percent,4,0.3570628522749905,1200
11,10,percent,3,0.3888456454174247,1200
12,1,percent,11,0.3057227647376837,1200
12,2,percent,11,0.279295713430043,1200
12,3,percent,10,0.30091890995331916,1200
12,4,percent,9,0.29614233828603304,1200
12,5,percent,8,0.2927385848556849,1200
12,6,percent,7,0.30884538503505155,1200
12,7,percent,6,0.29522355907240416,1200
12,8,percent,5,0.3229868061125676,1200
12,9,percent,4,0.3750961398554553,1200
12,10,percent,3,0.352459077784899,1200
13,1,percent,12,0.30056556385453015,1200
13,2,percent,11,0.2968003277183566,1200
13,3,percent,10,0.3067830999374753,1200
13,4,percent,9,0.311088948520293,1200
13,5,percent,8,0.31980989812441163,1200
13,6,percent,7,0.3424713303288409,1200
13,7,percent,6,0.3280780354966425,1200
13,8,percent,5,0.3461840578833114,1200
13,9,percent,4,0.38363823772641403,1200
13,10,percent,3,0.35624318194926813,1200
14,1,percent,12,0.21122691653749087,1200
14,2,percent,12,0.2245567376240496,1200
14,3,percent,11,0.21719031881788062,1200
14,4,percent,10,0.22423002642523687,1200
14,5,percent,9,0.23851115172844797,1200
14,6,percent,8,0.25086343900399705,1200
14,7,percent,7,0.22398102791945734,1200
14,8,percent,6,0.2246551714009894,1200
14,9,percent,4,0.3462493064769079,1200
14,10,percent,3,0.3536079930234239,1200
15,1,percent,13,0.15103204770696152,1200
15,2,percent,12,0.15869675279251055,1200
15,3,percent,11,0.1504832349257474,1200
15,4,percent,9,0.1820502947306798,1200
15,5,percent,8,0.17219776741937506,1200
15,6,percent,8,0.17248391389563678,1200
15,7,percent,7,0.2019885684328565,1200
15,8,percent,7,0.1787754108646358,1200
15,9,percent,5,0.2396683093871334,1200
15,10,percent,3,0.34748401796593303,1200
16,1,percent,12,0.27326130607053234,1200
16,2,percent,12,0.2725651446674587,1200
16,3,percent,11,0.27970767360848225,1200
16,4,percent,10,0.27181480019412896,1200
16,5,percent,9,0.2815870274191342,1200
16,6,percent,8,0.27464175621748776,1200
16,7,percent,7,0.31445090948013743,1200
16,8,percent,6,0.2917991695991562,1200
16,9,percent,5,0.2923600942798963,1200
16,10,percent,4,0.2789986595513163,1200
17,1,percent,12,0.26578959927663354,1200
17,2,percent,12,0.25945690650989894,1200
17,3,percent,11,0.2735768697039221,1200
17,4,percent,10,0.2666180128984678,1200
17,5,percent,9,0.26122446004716116,1200
17,6,percent,8,0.2597910538188366,1200
17,7,percent,8,0.25341620397737585,1200
17,8,percent,7,0.2741184781456974,1200
17,9,percent,6,0.2749872153947984,1200
17,10,percent,5,0.29154502310144775,1200
17,11,percent,4,0.2915752303196232,1200
18,1,percent,12,0.2582745305897638,1200
18,3,percent,9,0.255583037953228,1200
18,4,percent,9,0.2536848858496998,1200
18,5,percent,9,0.26605188479877034,1200
18,6,percent,8,0.2616994627458969,1200
18,7,percent,7,0.2676612767140071,1200
18,8,percent,6,0.2554844338837228,1200
18,9,percent,5,0.2648554453475678,1200
18,10,percent,4,0.2837615871235607,1200
19,1,percent,13,0.26536437681385566,1200
19,2,percent,12,0.2595759938777342,1200
19,3,percent,11,0.27007646287541265,1200
19,4,percent,10,0.2705123292583638,1200
19,5,percent,9,0.29288229446348374,1200
19,6,percent,9,0.2683029436657838,1200
19,7,percent,8,0.28344963828331826,1200
19,8,percent,7,0.3086643905545552,1200
19,9,percent,6,0.30051875906345066,1200
19,10,percent,5,0.300733665455555,1200
19,11,percent,4,0.2776124671221977,1200
20,1,percent,12,0.20930650768621317,1200
20,2,percent,12,0.21001102974738356,1200
20,3,percent,11,0.21763332705593416,1200
20,4,percent,10,0.21380698387409316,1200
20,5,percent,9,0.229612792646596,1200
20,6,percent,8,0.20027632903949916,1200
20,7,percent,7,0.2197054189628822,1200
20,8,percent,6,0.23123175451905342,1200
20,9,percent,4,0.3403858039792413,1200
20,10,percent,3,0.3716007346084184,1200
21,1,percent,13,0.19935718583533457,1200
21,2,percent,13,0.18855646577340068,1200
21,3,percent,10,0.22609807886335626,1200
21,4,percent,10,0.2226375043123892,1200
21,5,percent,9,0.21859268616524397,1200
21,6,percent,9,0.22060855356017217,1200
21,7,percent,8,0.18192908012610454,1200
21,8,percent,7,0.20373231033823264,1200
21,9,percent,6,0.21487224808278627,1200
21,10,percent,4,0.30377613755085,1200
21,11,percent,4,0.28981573477870315,1200
22,1,percent,12,0.18945017989938095,1200
22,2,percent,12,0.18388225045795262,1200
22,3,percent,11,0.17837028999313187,1200
22,4,percent,10,0.18699268868853264,1200
22,5,percent,9,0.1874155424426928,1200
22,6,percent,9,0.17770189785807083,1200
22,7,percent,8,0.1672361149762308,1200
22,8,percent,6,0.2294713996183678,1200
22,9,percent,5,0.2227507612350151,1200
22,10,percent,3,0.36074920857840387,1200
23,1,percent,13,0.22770259561165201,1200
23,2,percent,13,0.22549046381116733,1200
23,3,percent,12,0.23045428914953575,1200
23,4,percent,11,0.2376019206934641,1200
23,5,percent,9,0.24037201195339536,1200
23,6,percent,9,0.2648377734237011,1200
23,7,percent,8,0.25506939844240645,1200
23,8,percent,7,0.27746289714713845,1200
23,9,percent,6,0.25786298083055337,1200
23,10,percent,5,0.259210456106028,1200
23,11,percent,4,0.27643859445987384,1200
24,1,percent,12,0.2356279728409793,1200
24,2,percent,12,0.22001200299018353,1200
24,3,percent,11,0.22317081207548434,1200
24,4,percent,10,0.21570878788048148,1200
24,5,percent,9,0.22244491921647686,1200
24,6,percent,8,0.21604316880544142,1200
24,7,percent,7,0.23261111586855737,1200
24,8,percent,5,0.3621245285699024,1200
24,9,percent,4,0.3478757542315912,1200
24,10,percent,3,0.36527271756145857,1200
25,1,percent,13,0.20589825791138833,1200
25,2,percent,13,0.19627612800306482,1200
25,3,percent,11,0.21175117107646066,1200
25,4,percent,11,0.2031619488342985,1200
25,5,percent,10,0.2077818818976339,1200
25,6,percent,9,0.22624026393027294,1200
25,7,percent,8,0.21417438505718767,1200
25,8,percent,6,0.26559939741409655,1200
25,9,percent,5,0.2853754372857501,1200
25,10,percent,4,0.27592544867245605,1200
26,1,percent,10,0.1615280948991742,1200
26,2,percent,8,0.19913589640936347,1200
26,3,percent,6,0.23419762230209049,1200
26,4,percent,3,0.40582732276481326,1200
27,1,percent,13,0.16892955156283304,1200
27,2,percent,12,0.17155644774769313,1200
27,3,percent,11,0.18343511582210908,1200
27,4,percent,10,0.1941986099573102,1200
27,5,percent,9,0.1950942108516649,1200
27,6,percent,9,0.19737615951615003,1200
27,7,percent,8,0.17828193309047452,1200
27,8,percent,6,0.2255123396695251,1200
27,9,percent,4,0.31052055752263785,1200
28,1,rank,12,0.265543829750189,1200
28,2,rank,12,0.30852158814915087,1200
28,3,rank,10,0.3122002193051686,1200
28,4,rank,10,0.25102037689619255,1200
28,5,rank,9,0.314078614468478,1200
28,6,rank,9,0.26693126786324645,1200
28,7,rank,8,0.3459730633824035,1200
28,8,rank,7,0.3241696256838814,1200
28,9,rank,6,0.35790419737936663,1200
28,10,rank,5,0.35747804654998105,1200
28,11,rank,4,0.35229443883805556,1200
29,1,rank,15,0.1878314831241526,1200
29,2,rank,15,0.17559374144941176,1200
29,3,rank,14,0.20716879956514975,1200
29,4,rank,13,0.16182294010842957,1200
29,5,rank,12,0.19858514469207994,1200
29,6,rank,11,0.18807087999680225,1200
29,7,rank,10,0.20506358477128925,1200
29,8,rank,8,0.2719156616892315,1200
29,9,rank,7,0.27349064347536944,1200
29,10,rank,6,0.2696953431462118,1200
29,11,rank,4,0.46272859499146674,1200
30,1,rank,15,0.1650783415258283,1200
30,2,rank,15,0.1637280022298127,1200
30,3,rank,14,0.15146040935103475,1200
30,4,rank,13,0.15314749137012956,1200
30,5,rank,11,0.17403744195666443,1200
30,6,rank,10,0.18398223809938563,1200
30,7,rank,9,0.18379850668436348,1200
30,8,rank,8,0.1928920404122116,1200
30,9,rank,6,0.24670605771317108,1200
30,10,rank,4,0.47578023136929365,1200
31,1,rank,16,0.1500106705321277,1200
31,2,rank,15,0.15961398159159082,1200
31,3,rank,14,0.16062837392589635,1200
31,4,rank,13,0.15707132009748842,1200
31,5,rank,12,0.13957614471315294,1200
31,6,rank,10,0.181574436265722,1200
31,7,rank,9,0.1957272843946066,1200
31,8,rank,8,0.21727150874330636,1200
31,9,rank,6,0.29406925259249084,1200
31,10,rank,4,0.49815967836009367,1200
32,1,rank,14,0.26206745345317217,1200
32,2,rank,13,0.2938628555991452,1200
32,3,rank,12,0.28289259525624005,1200
32,4,rank,11,0.2629585241762475,1200
32,5,rank,10,0.2942073600042617,1200
32,6,rank,9,0.27841758760300894,1200
32,7,rank,8,0.2827807110333341,1200
32,8,rank,7,0.3124770767798698,1200
32,9,rank,6,0.3174475448495603,1200
32,10,rank,5,0.29861200292811985,1200
32,11,rank,5,0.32914467588217333,1200
33,1,rank,13,0.24466208179940832,1200
33,2,rank,13,0.24754241392041038,1200
33,3,rank,11,0.28657656673445,1200
33,4,rank,9,0.30510540362121213,1200
33,5,rank,8,0.25813877746256886,1200
33,6,rank,7,0.2976144423344874,1200
33,7,rank,6,0.2892855929488285,1200
33,8,rank,5,0.31921013367074935,1200
33,9,rank,5,0.2947767657450918,1200
34,1,rank,14,0.23645896270054428,1200
34,2,rank,14,0.25230937555996646,1200
34,3,rank,12,0.25585658344833906,1200
34,4,rank,11,0.2229421732222851,1200
34,5,rank,10,0.27728698126871143,1200
34,6,rank,10,0.2731657874735992,1200
34,7,rank,9,0.27566345303123496,1200
34,8,rank,8,0.23710729177513717,1200
34,9,rank,7,0.3054223457361607,1200
34,10,rank,6,0.2727920745309112,1200
34,11,rank,5,0.2911310706117547,1200
