season,celebrity_name,scheme,mean_rank,mean_alive_rate,final_alive_rate,mean_bottom2_rate,mean_elim_rate
2,Jerry Rice,V4,2.0412053747931522,0.9441666666666666,0.6766666666666666,0.7321270962047661,0.04280670785525154
2,Jerry Rice,V5,3.0175248302422215,0.8770833333333333,0.06666666666666667,0.3828978622327791,0.1330166270783848
4,Billy Ray Cyrus,V4,4.954533503312702,0.48875,0.02,0.1585677749360614,0.2557544757033248
4,Billy Ray Cyrus,V5,5.752517006802721,0.45285714285714296,0.0,0.05993690851735016,0.31545741324921134
11,Bristol Palin,V4,2.5620800953957703,0.8556666666666667,0.5533333333333333,0.6045968056096611,0.052201012855473315
11,Bristol Palin,V5,3.829436343403698,0.6776666666666669,0.09333333333333334,0.25676340383669455,0.1337924249877029
27,Bobby Bones,V4,4.314850560719905,0.6985185185185184,0.26666666666666666,0.30699893955461294,0.12407211028632026
27,Bobby Bones,V5,5.126835162411613,0.5955555555555555,0.02666666666666667,0.12748756218905472,0.18159203980099503
27,Tinashe,V4,6.7513807810155955,0.7885185185185185,0.05,0.01737905119774542,0.14044152184124
27,Tinashe,V5,6.663494142416198,0.8562962962962962,0.06,0.01903114186851211,0.12932525951557095
31,Vinny Guadagnino,V4,7.202669576103986,0.517,0.03,0.13668600902643455,0.19148936170212766
31,Vinny Guadagnino,V5,8.822665512913764,0.6285185185185186,0.0,0.024160282852091926,0.17678255745433116
