season,celebrity_name,placement,judge_avg_rank,audience_mean,result_minus_judge,audience_rank
1,Kelly Monaco,1,3.1666666666666665,0.27902001565936074,-2.1666666666666665,2.0
1,Evander Holyfield,5,5.166666666666667,0.14419459589400357,-0.16666666666666696,4.0
1,Joey McIntyre,3,3.0,0.4101740961691296,0.0,1.0
1,John O'Hurley,2,1.8333333333333333,0.20176850460682205,0.16666666666666674,3.0
1,Trista Sutter,6,4.25,0.0482662474512004,1.75,5.0
1,Rachel Hunter,4,1.75,0.031277004700927855,2.25,6.0
2,Jerry Rice,2,4.6875,0.3996594779758132,-2.6875,1.0
2,Master P,7,8.5,0.07123167599150354,-1.5,7.0
2,George Hamilton,5,5.583333333333333,0.15507653777379637,-0.583333333333333,3.0
2,Drew Lachey,1,1.4375,0.08862219842189067,-0.4375,4.0
2,Lisa Rinna,4,4.214285714285714,0.23926853041284665,-0.2142857142857144,2.0
2,Kenny Mayne,10,9.0,0.008465568710018747,1.0,10.0
2,Tia Carrere,6,4.9,0.08756773210468495,1.0999999999999996,5.0
2,Stacy Keibler,3,1.875,0.08174195457012537,1.125,6.0
2,Tatum O'Neal,9,5.25,0.012633415252988302,3.75,9.0
2,Giselle Fernandez,8,3.6666666666666665,0.025991416339742463,4.333333333333334,8.0
3,Jerry Springer,5,7.214285714285714,0.10249849935603897,-2.2142857142857144,7.0
3,Emmitt Smith,1,3.15,0.21594754416414808,-2.15,2.0
3,Sara Evans,6,7.1,0.17019209603083,-1.0999999999999996,3.0
3,Mario Lopez,2,2.65,0.11954450269290147,-0.6499999999999999,6.0
3,Joey Lawrence,3,3.1666666666666665,0.3000671564546111,-0.16666666666666652,1.0
3,Tucker Carlson,11,11.0,0.006715677545526856,0.0,11.0
3,Monique Coleman,4,3.625,0.15755828431119748,0.375,4.0
3,Harry Hamlin,9,7.166666666666667,0.025904671685270955,1.833333333333333,8.0
3,Willa Ford,7,3.7,0.12111405028565606,3.3,5.0
3,Shanna Moakler,10,6.5,0.012669570773126148,3.5,10.0
3,Vivica A. Fox,8,3.375,0.025038157792880104,4.625,9.0
4,Billy Ray Cyrus,5,6.875,0.1392504142810022,-1.875,5.0
4,Clyde Drexler,8,9.4,0.044553546032547305,-1.4000000000000004,8.0
4,Apolo Anton Ohno,1,2.35,0.2304428773816257,-1.35,1.0
4,John Ratzenberger,6,7.142857142857143,0.11343404990520227,-1.1428571428571432,6.0
4,Joey Fatone,2,2.1,0.15245116153436683,-0.10000000000000009,4.0
4,Laila Ali,3,2.8,0.1825066587332791,0.20000000000000018,3.0
4,Ian Ziering,4,3.7222222222222223,0.2006991568218558,0.2777777777777777,2.0
4,Leeza Gibbons,9,6.875,0.011563964273412195,2.125,10.0
4,Heather Mills,7,4.5,0.047386848042289625,2.5,7.0
4,Shandi Finnessey,10,7.5,0.020892438212731877,2.5,9.0
4,Paulina Porizkova,11,6.5,0.00781847918891591,4.5,11.0
5,Marie Osmond,3,4.95,0.33971858139467165,-1.9500000000000002,1.0
5,Helio Castroneves,1,2.8,0.15162283606413468,-1.7999999999999998,4.0
5,Mark Cuban,8,8.5,0.0639651759306786,-0.5,7.0
5,Wayne Newton,10,10.333333333333334,0.0169457141504074,-0.3333333333333339,9.0
5,Mel B,2,2.3,0.07140269583722916,-0.2999999999999998,6.0
5,Jennie Garth,4,4.277777777777778,0.21581849274578338,-0.2777777777777777,2.0
5,Cameron Mathison,5,5.0,0.1551139517502675,0.0,3.0
5,Josie Maran,12,12.0,0.006452388632057918,0.0,12.0
5,Floyd Mayweather Jr.,9,8.5,0.039148816813634336,0.5,8.0
5,Jane Seymour,6,5.0,0.08239452987529981,1.0,5.0
5,Albert Reed,11,7.0,0.015031083965289134,4.0,10.0
5,Sabrina Bryan,7,2.0833333333333335,0.008124377212760976,4.916666666666666,11.0
6,Marissa Jaret Winokur,4,5.666666666666667,0.20491477158193286,-1.666666666666667,3.0
6,Cristian de la Fuente,3,4.2,0.27882044325391353,-1.2000000000000002,1.0
6,Jason Taylor,2,3.05,0.24760667045677004,-1.0499999999999998,2.0
6,Monica Seles,11,11.75,0.07853127507367604,-0.75,5.0
6,Kristi Yamaguchi,1,1.3,0.06211997556778739,-0.30000000000000004,7.0
6,Adam Carolla,9,9.25,0.014128632155611673,-0.25,11.0
6,Marlee Matlin,7,6.083333333333333,0.0533486196497305,0.916666666666667,8.0
6,Steve Guttenberg,10,9.0,0.00930778375712144,1.0,12.0
6,Mario,5,3.875,0.11948450754359549,1.125,4.0
6,Shannon Elizabeth,6,4.785714285714286,0.07491944883539688,1.2142857142857144,6.0
6,Penn Jillette,12,10.0,0.05081148146400217,2.0,9.0
6,Priscilla Presley,8,5.4,0.025353769982760455,2.5999999999999996,10.0
7,Cloris Leachman,7,8.75,0.037528032850127305,-1.75,11.0
7,Warren Sapp,2,3.3,0.27420400970306247,-1.2999999999999998,1.0
7,Cody Linley,4,4.611111111111111,0.2076032141382012,-0.6111111111111107,2.0
7,Rocco DiSpirito,9,9.5,0.012471034864848855,-0.5,13.0
7,Lance Bass,3,3.4,0.20538722846957294,-0.3999999999999999,3.0
7,Brooke Burke,1,1.35,0.0784289021361707,-0.3500000000000001,8.0
7,Maurice Greene,5,5.25,0.12868561730695166,-0.25,4.0
7,Jeffrey Ross,13,13.0,0.057367126162959664,0.0,9.0
7,Susan Lucci,6,5.357142857142857,0.08931777870597868,0.6428571428571432,7.0
7,Kim Kardashian,11,9.0,0.10470525073884246,2.0,5.0
7,Ted McGinley,12,9.0,0.05401573825010754,3.0,10.0
7,Toni Braxton,8,4.2,0.02295617186751554,3.8,12.0
7,Misty May-Treanor,10,5.0,0.09301685924108911,5.0,6.0
8,Ty Murray,4,6.25,0.1883651183760735,-2.25,3.0
8,Steve-O,8,10.083333333333334,0.03277723964366663,-2.083333333333334,10.0
8,Steve Wozniak,10,11.875,0.0969177864736139,-1.875,7.0
8,Shawn Johnson,1,2.6363636363636362,0.22933821050903125,-1.6363636363636362,1.0
8,Lawrence Taylor,7,7.857142857142857,0.05097614305866989,-0.8571428571428568,9.0
8,Gilles Marini,2,1.8636363636363635,0.10685497088246936,0.13636363636363646,6.0
8,Melissa Rycroft,3,2.590909090909091,0.20017673064074823,0.40909090909090917,2.0
8,Chuck Wicks,6,5.4375,0.11548613723907356,0.5625,4.0
8,Lil' Kim,5,3.1666666666666665,0.08836912948811583,1.8333333333333335,8.0
8,David Alan Grier,9,7.0,0.015244075546736258,2.0,11.0
8,Holly Madison,11,8.75,0.11066002156205626,2.25,5.0
8,Belinda Carlisle,13,9.5,0.005408910601228713,3.5,13.0
8,Denise Richards,12,7.5,0.008740883409129782,4.5,12.0
9,Michael Irvin,7,10.0,0.12516513631361065,-3.0,3.0
9,Donny Osmond,1,3.6,0.17142009865165342,-2.6,2.0
9,Kelly Osbourne,3,5.05,0.2743938424579427,-2.05,1.0
9,Macy Gray,15,15.5,0.04299102744911808,-0.5,13.0
9,Louie Vito,8,8.416666666666666,0.1251234883575828,-0.4166666666666661,4.0
9,Mya,2,2.0,0.05705347650410394,0.0,10.0
9,Mark Dacascos,6,5.857142857142857,0.12304958983246277,0.14285714285714324,5.0
9,Tom DeLay,13,12.666666666666666,0.06623372960748004,0.3333333333333339,9.0
9,Ashley Hamiliton,16,15.5,0.051986483853349544,0.5,12.0
9,Chuck Liddell,11,10.125,0.009452004550305036,0.875,15.0
9,Kathy Ireland,14,13.0,0.006745976202694467,1.0,16.0
9,Joanna Krupa,4,2.8333333333333335,0.08624801001717415,1.1666666666666665,7.0
9,Aaron Carter,5,3.8125,0.05668892493371844,1.1875,11.0
9,Melissa Joan Hart,9,7.333333333333333,0.09738324669801246,1.666666666666667,6.0
9,Debi Mazar,12,8.666666666666666,0.07847430566537739,3.333333333333334,8.0
9,Natalie Coughlin,10,5.5,0.017727450630989808,4.5,14.0
10,Chad Ochocinco,4,5.333333333333333,0.21701971914023954,-1.333333333333333,2.0
10,Kate Gosselin,8,9.0,0.03428485201321128,-1.0,7.0
10,Niecy Nash,5,5.9375,0.13666731839288926,-0.9375,4.0
10,Buzz Aldrin,10,10.666666666666666,0.008059522198760721,-0.6666666666666661,10.0
10,Nicole Scherzinger,1,1.35,0.03287976942012896,-0.3500000000000001,8.0
10,Erin Andrews,3,3.2,0.35275203160345237,-0.20000000000000018,1.0
10,Evan Lysacek,2,2.15,0.17792939120608747,-0.1499999999999999,3.0
10,Aiden Turner,9,8.375,0.025140161531481783,0.625,9.0
10,Jake Pavelka,7,5.416666666666667,0.05893011589167051,1.583333333333333,6.0
10,Pamela Anderson,6,4.142857142857143,0.09323893399105787,1.8571428571428568,5.0
10,Shannen Doherty,11,6.75,0.007727676111173313,4.25,11.0
11,Bristol Palin,3,6.0,0.31462091832616346,-3.0,1.0
11,Kyle Massey,2,3.85,0.29453561038529275,-1.85,2.0
11,Jennifer Grey,1,1.8,0.057475156685126504,-0.8,6.0
11,The Situation,9,9.25,0.027936683942051795,-0.25,9.0
11,Kurt Warner,5,5.1875,0.15745668209426086,-0.1875,3.0
11,Margaret Cho,10,10.166666666666666,0.01640797630201023,-0.16666666666666607,10.0
11,David Hasselhoff,12,11.0,0.004447385700478535,1.0,12.0
11,Florence Henderson,8,7.0,0.043468152792158724,1.0,8.0
11,Michael Bolton,11,10.0,0.0077336077668892535,1.0,11.0
11,Brandy,4,2.388888888888889,0.07022796083829622,1.6111111111111112,5.0
11,Rick Fox,6,4.071428571428571,0.10870886445423666,1.9285714285714288,4.0
11,Audrina Patridge,7,3.0833333333333335,0.04713166011441272,3.9166666666666665,7.0
12,Kirstie Alley,2,4.35,0.33538897407958473,-2.3499999999999996,1.0
12,Hines Ward,1,2.05,0.1649988457115013,-1.0499999999999998,3.0
12,Ralph Macchio,4,4.111111111111111,0.16663197644950678,-0.11111111111111072,2.0
12,Kendra Wilkinson,6,6.0,0.11056834573699183,0.0,6.0
12,Wendy Williams,10,10.0,0.01499963932114252,0.0,10.0
12,Sugar Ray Leonard,9,8.875,0.024923582199329605,0.125,9.0
12,Chelsea Kane,3,2.65,0.11408490606954194,0.3500000000000001,5.0
12,Mike Catherwood,11,10.5,0.009651586513052625,0.5,11.0
12,Romeo,5,4.375,0.12176852404055954,0.625,4.0
12,Chris Jericho,7,4.75,0.043132755122763454,2.25,7.0
12,Petra Nemcova,8,5.7,0.03693307806826216,2.3,8.0
13,Rob Kardashian,2,4.05,0.23149109638649384,-2.05,1.0
13,Nancy Grace,5,6.375,0.16126962919433013,-1.375,4.0
13,Chaz Bono,7,8.25,0.06164523532487461,-1.25,7.0
13,J.R. Martinez,1,2.1,0.22178755097541555,-1.1,2.0
13,Hope Solo,4,4.444444444444445,0.17854243008993148,-0.44444444444444464,3.0
13,Carson Kressley,8,8.4,0.04660220329564707,-0.40000000000000036,8.0
13,Metta World Peace (Ron),12,12.0,0.009273698551937434,0.0,12.0
13,David Arquette,6,5.357142857142857,0.09629448287353601,0.6428571428571432,6.0
13,Ricki Lake,3,2.05,0.11541527957955415,0.9500000000000002,5.0
13,Elisabetta Canalis,11,8.25,0.011620596046437382,2.75,11.0
13,Chynna Phillips,9,4.125,0.012944965045941113,4.875,10.0
13,Kristin Cavallari,10,4.333333333333333,0.01826108895017659,5.666666666666667,9.0
14,Melissa Gilbert,5,7.875,0.18091181413117013,-2.875,3.0
14,Donald Driver,1,3.85,0.21509890141065408,-2.85,1.0
14,Gladys Knight,8,8.416666666666666,0.049100726352099146,-0.4166666666666661,8.0
14,Katherine Jenkins,2,2.1,0.10847518234858564,-0.10000000000000009,5.0
14,William Levy,3,2.9,0.18876793755635524,0.10000000000000009,2.0
14,Maria Menounos,4,3.7777777777777777,0.1068201361220106,0.22222222222222232,6.0
14,Gavin DeGraw,9,8.5,0.026878818599106485,0.5,9.0
14,Martina Navratilova,12,11.5,0.0058415940463397665,0.5,12.0
14,Roshon Fegan,6,4.25,0.165421439099619,1.75,4.0
14,Jaleel White,7,5.0,0.08423932652227353,2.0,7.0
14,Sherri Sheperd,10,7.375,0.01940461271920957,2.625,10.0
14,Jack Wagner,11,7.666666666666667,0.012185720055361152,3.333333333333333,11.0
15,Melissa Rycroft,1,3.1,0.09336977742892676,-2.1,9.0
15,Kelly Monaco,3,5.05,0.18237735717734213,-2.05,1.0
15,Bristol Palin,9,10.5,0.02696763629175556,-1.5,11.0
15,Kirstie Alley,7,8.5,0.1449392935709828,-1.5,4.0
15,Emmitt Smith,4,5.444444444444445,0.1522110278415375,-1.4444444444444446,3.0
15,Shawn Johnson,2,3.15,0.16044645236717853,-1.15,2.0
15,Pamela Anderson,13,13.0,0.0055180869982363635,0.0,13.0
15,Apolo Anton Ohno,5,4.166666666666667,0.12559122026682198,0.833333333333333,5.0
15,Gilles Marini,6,3.4375,0.11638960833819294,2.5625,6.0
15,Drew Lachey,11,8.166666666666666,0.11367565937791442,2.833333333333334,7.0
15,Joey Fatone,12,9.0,0.009622761185582654,3.0,12.0
15,Helio Castroneves,10,6.166666666666667,0.10922846656535494,3.833333333333333,8.0
15,Sabrina Bryan,8,3.0,0.04097769160844238,5.0,10.0
16,Kellie Pickler,1,2.35,0.1807829388649279,-1.35,2.0
16,Andy Dick,7,7.857142857142857,0.07967944242050282,-0.8571428571428568,7.0
16,Jacoby Jones,3,3.75,0.19732583153394506,-0.75,1.0
16,D. L. Hughley,9,9.6,0.022850664046946287,-0.5999999999999996,9.0
16,Ingo Rademacher,5,5.5,0.171209478748659,-0.5,3.0
16,Sean Lowe,6,6.1875,0.11810909907631599,-0.1875,6.0
16,Zendaya,2,1.9,0.12419735612811059,0.10000000000000009,5.0
16,Victor Ortiz,8,7.75,0.047879277126121694,0.25,8.0
16,Wynonna Judd,11,9.666666666666666,0.009747101553652866,1.333333333333334,11.0
16,Lisa Vanderpump,10,8.625,0.01552023417332105,1.375,10.0
16,Alexandra Raisman,4,2.5,0.14285730343654632,1.5,4.0
16,Dorothy Hamill,12,7.5,0.0060001388635096495,4.5,12.0
17,Bill Engvall,4,7.2272727272727275,0.23322364431098278,-3.2272727272727275,1.0
17,Amber Riley,1,3.1363636363636362,0.10750915450297605,-2.1363636363636362,5.0
17,Jack Osbourne,3,4.5,0.22660960879543832,-1.5,2.0
17,Leah Remini,5,5.8,0.13456778176967177,-0.7999999999999998,3.0
17,Bill Nye,11,11.5,0.010474802926429045,-0.5,11.0
17,Corbin Bleu,2,2.1363636363636362,0.12983079791711213,-0.13636363636363624,4.0
17,Valerie Harper,10,9.75,0.014757811111844715,0.25,10.0
17,Keyshawn Johnson,12,11.0,0.006984178366145255,1.0,12.0
17,Brant Daugherty,7,4.8125,0.06237550612783388,2.1875,7.0
17,Elizabeth Berkley Lauren,6,3.7222222222222223,0.09109018368953287,2.2777777777777777,6.0
17,"Nicole ""Snooki"" Polizzi",8,5.285714285714286,0.046855663813408555,2.7142857142857144,8.0
17,Christina Milian,9,3.7,0.04683751252607951,5.3,9.0
18,Candace Cameron Bure,3,5.8,0.26531567250661553,-2.8,1.0
18,Billy Dee Williams,10,11.5,0.026893386250399637,-1.5,10.0
18,Meryl Davis,1,2.25,0.09042868948264321,-1.25,6.0
18,Amy Purdy,2,2.8,0.18140186477877246,-0.7999999999999998,3.0
18,NeNe Leakes,7,7.071428571428571,0.04540116531738973,-0.07142857142857117,8.0
18,James Maslow,4,3.9,0.2248769998175638,0.10000000000000009,2.0
18,Drew Carey,8,7.75,0.015230537684637219,0.25,12.0
18,Diana Nyad,12,11.0,0.029071636362007613,1.0,9.0
18,Sean Avery,11,9.25,0.07699886390812902,1.75,7.0
18,Charlie White,5,3.111111111111111,0.09200618226573051,1.8888888888888888,5.0
18,Danica McKellar,6,3.875,0.09986280019909219,2.125,4.0
18,Cody Simpson,9,6.8,0.01553810715782262,2.2,11.0
19,Michael Waltrip,7,9.0625,0.0525067581825878,-2.0625,7.0
19,Tommy Chong,5,6.9,0.11943927321853251,-1.9000000000000004,4.0
19,Sadie Robertson,2,3.5,0.24905379004173567,-1.5,1.0
19,Alfonso Ribeiro,1,2.272727272727273,0.14194671539134693,-1.272727272727273,3.0
19,Janel Parrish,3,3.0454545454545454,0.10935259609538925,-0.045454545454545414,5.0
19,Antonio Sabato Jr.,8,7.5,0.047558217139165096,0.5,8.0
19,Betsey Johnson,10,9.375,0.014385952876996143,0.625,10.0
19,Bethany Mota,4,3.0,0.22944538941649825,1.0,2.0
19,Lolo Jones,13,12.0,0.0066824199502659686,1.0,12.0
19,Jonathan Bennett,9,6.75,0.0330242412565515,2.25,9.0
19,Lea Thompson,6,3.7222222222222223,0.0801547728968717,2.2777777777777777,6.0
19,Randy Couture,11,8.5,0.009266056034050896,2.5,11.0
19,Tavis Smiley,12,8.5,0.0066497394067937445,3.5,13.0
20,Noah Galloway,3,5.4,0.3092684255968647,-2.4000000000000004,1.0
20,Chris Soules,5,7.25,0.1908580924184341,-2.25,2.0
20,Rumer Willis,1,2.5,0.16269507365261054,-1.5,4.0
20,Robert Herjavec,6,6.4375,0.18089540444335883,-0.4375,3.0
20,Riker Lynch,2,2.4,0.10374358672263477,-0.3999999999999999,5.0
20,Patti LaBelle,8,8.083333333333334,0.044394470818627595,-0.08333333333333393,7.0
20,Charlotte McKinney,11,11.0,0.012765747943519638,0.0,11.0
20,Suzanne Somers,9,7.8,0.019297463645628128,1.2000000000000002,10.0
20,Nastia Liukin,4,2.0,0.03494578772316191,2.0,8.0
20,Michael Sam,10,7.5,0.02222859625255215,2.5,9.0
20,Willow Shields,7,3.642857142857143,0.06423445885060648,3.357142857142857,6.0
20,Redfoo,12,8.25,0.0073410459705899305,3.75,12.0
21,Alek Skarlatos,3,5.590909090909091,0.25857758699399436,-2.590909090909091,1.0
21,Nick Carter,2,3.3636363636363638,0.13678212298598816,-1.3636363636363638,4.0
21,Bindi Irwin,1,2.1818181818181817,0.10085313784572478,-1.1818181818181817,6.0
21,Kim Zolciak-Biermann,11,11.5,0.055959466062724714,-0.5,7.0
21,Paula Deen,9,9.5,0.01671940061807497,-0.5,12.0
21,Gary Busey,10,10.25,0.006101811872522414,-0.25,13.0
21,Carlos PenaVega,4,3.590909090909091,0.17116618662125507,0.40909090909090917,2.0
21,Chaka Khan,13,12.5,0.032265000756258454,0.5,11.0
21,Tamar Braxton,5,4.055555555555555,0.1479147543142428,0.9444444444444446,3.0
21,Andy Grammer,7,5.8125,0.055717946254432424,1.1875,8.0
21,Alexa PenaVega,6,4.222222222222222,0.13165771535856402,1.7777777777777777,5.0
21,Victor Espinoza,12,10.0,0.04642372100378523,2.0,9.0
21,Hayes Grier,8,5.428571428571429,0.04327354244980252,2.571428571428571,10.0
22,Nyle DiMarco,1,2.9,0.1532641914832665,-1.9,3.0
22,Antonio Brown,5,6.166666666666667,0.19486601232511908,-1.166666666666667,1.0
22,Paige VanZant,2,2.8,0.12607276934232306,-0.7999999999999998,6.0
22,Ginger Zee,3,3.5,0.14480950442966484,-0.5,5.0
22,Geraldo Rivera,12,12.0,0.005002613633206052,0.0,12.0
22,Doug Flutie,9,8.833333333333334,0.02923217362561562,0.16666666666666607,9.0
22,Mischa Barton,11,10.666666666666666,0.014170172387018053,0.3333333333333339,11.0
22,Von Miller,7,6.642857142857143,0.16047194606747964,0.35714285714285676,2.0
22,Kim Fields,8,7.142857142857143,0.14742003940594572,0.8571428571428568,4.0
22,Jodie Sweetin,6,5.0625,0.08597749743966202,0.9375,8.0
22,Wanya Morris,4,2.7777777777777777,0.09384014231078268,1.2222222222222223,7.0
22,Marla Maples,10,6.625,0.022301822927976632,3.375,10.0
23,Calvin Johnson Jr.,3,4.318181818181818,0.21672694833639727,-1.3181818181818183,1.0
23,Laurie Hernandez,1,2.1818181818181817,0.07696051647680212,-1.1818181818181817,8.0
23,Ryan Lochte,7,8.125,0.05480118815993116,-1.125,9.0
23,James Hinchcliffe,2,2.5454545454545454,0.14603015318986123,-0.5454545454545454,3.0
23,Rick Perry,12,12.5,0.007275779788863211,-0.5,13.0
23,Jana Kramer,4,4.0,0.2075838179949384,0.0,2.0
23,Marilu Henner,6,6.0,0.10378024382584336,0.0,6.0
23,Amber Rose,9,8.416666666666666,0.01532395835629938,0.5833333333333339,11.0
23,Maureen McCormick,8,7.142857142857143,0.02481603160596672,0.8571428571428568,10.0
23,Terra Jole,5,4.0,0.13561325049119913,1.0,4.0
23,Vanilla Ice,10,8.625,0.10957230342989124,1.375,5.0
23,Jake T. Austin,13,11.25,0.013330702860628511,1.75,12.0
23,Babyface,11,7.125,0.0996715173027519,3.875,7.0
24,David Ross,2,5.7,0.24836763819744964,-3.7,1.0
24,Bonner Bolton,5,7.0625,0.10655149683051077,-2.0625,8.0
24,Rashad Jennings,1,2.75,0.14847790225936566,-1.75,2.0
24,Nick Viall,6,7.214285714285714,0.14665044685105869,-1.2142857142857144,3.0
24,Mr. T,10,10.625,0.015979410947973033,-0.625,10.0
24,Chris Kattan,12,11.75,0.007340328477604822,0.25,12.0
24,Normani,3,2.4,0.10686770110570913,0.6000000000000001,7.0
24,Charo,11,9.833333333333334,0.009220644872966505,1.166666666666666,11.0
24,Simone Biles,4,2.611111111111111,0.1306813727694488,1.3888888888888888,5.0
24,Erika Jayne,9,7.2,0.03206814709634227,1.7999999999999998,9.0
24,Nancy Kerrigan,7,4.071428571428571,0.13905048409184892,2.928571428571429,4.0
24,Heather Morris,8,3.0,0.11130262789292777,5.0,6.0
25,Drew Scott,4,6.05,0.23238861324147747,-2.05,1.0
25,Frankie Muniz,3,4.1,0.20316956821839255,-1.0999999999999996,2.0
25,Terrell Owens,6,7.0625,0.07052160316872783,-1.0625,7.0
25,Jordan Fisher,1,1.7,0.03326801462250169,-0.7,9.0
25,Nick Lachey,9,9.583333333333334,0.024437615644042288,-0.5833333333333339,11.0
25,Lindsey Stirling,2,2.55,0.12305365914708477,-0.5499999999999998,5.0
25,Barbara Corcoran,13,13.0,0.027927463459537033,0.0,10.0
25,Victoria Arlen,5,4.444444444444445,0.1223967159265419,0.5555555555555554,6.0
25,Nikki Bella,8,6.428571428571429,0.14859125856715277,1.5714285714285712,3.0
25,Derek Fisher,11,9.375,0.00832124629811614,1.625,13.0
25,Vanessa Lachey,7,4.785714285714286,0.13773960058359197,2.2142857142857144,4.0
25,Sasha Pieterse,10,7.7,0.016660287534163626,2.3,12.0
25,Debbie Gibson,12,8.75,0.046037560657456386,3.25,8.0
26,Josh Norman,2,3.0,0.20734688645224097,-1.0,2.0
26,Kareem Abdul-Jabbar,8,9.0,0.06435320019247019,-1.0,9.0
26,Tonya Harding,3,3.625,0.22131964995708678,-0.625,1.0
26,Adam Rippon,1,1.25,0.02638805761959306,-0.25,10.0
26,Chris Mazdzer,5,5.0,0.18146696264828108,0.0,4.0
26,Jennie Finch Daigle,6,6.0,0.15405661288796832,0.0,5.0
26,Johnny Damon,9,9.0,0.10055935516991205,0.0,8.0
26,Mirai Nagasu,4,2.8333333333333335,0.13602132343245896,1.1666666666666665,7.0
26,Arike Ogunbowale,7,5.0,0.19393064814648145,2.0,3.0
26,Jamie Anderson,10,8.0,0.14801987513037762,2.0,6.0
27,Bobby Bones,1,7.222222222222222,0.1849764269408751,-6.222222222222222,1.0
27,Joe Amabile,6,9.4375,0.15701627538488636,-3.4375,3.0
27,Evanna Lynch,3,4.222222222222222,0.12037364948148434,-1.2222222222222223,6.0
27,Milo Manheim,2,2.6666666666666665,0.08381540170540658,-0.6666666666666665,7.0
27,John Schneider,8,8.071428571428571,0.13512300343456912,-0.07142857142857117,4.0
27,Alexis Ren,4,3.5555555555555554,0.16748021266916135,0.44444444444444464,2.0
27,Nikki Glaser,13,12.0,0.005984363920663524,1.0,13.0
27,Danelle Umstead,12,10.5,0.008878578267815282,1.5,12.0
27,DeMarcus Ware,7,5.071428571428571,0.12985935715454422,1.9285714285714288,5.0
27,Nancy McKeon,11,8.666666666666666,0.015525087037167956,2.333333333333334,10.0
27,Juan Pablo Di Pace,5,2.375,0.05198413920459645,2.625,9.0
27,Mary Lou Retton,9,5.583333333333333,0.0590548843141499,3.416666666666667,8.0
27,Tinashe,10,2.25,0.009665713633824942,7.75,11.0
28,Sean Spicer,6,8.555555555555555,0.07205448939139768,-2.5555555555555554,6.0
28,Hannah Brown,1,3.5454545454545454,0.2050201331098907,-2.5454545454545454,2.0
28,Kel Mitchell,2,3.8636363636363638,0.19298627911516875,-1.8636363636363638,4.0
28,Lamar Odom,10,11.0,0.009067476075758158,-1.0,12.0
28,Lauren Alaina,4,4.590909090909091,0.20779136456091993,-0.5909090909090908,1.0
28,Ally Brooke,3,2.8181818181818183,0.19746324995089767,0.18181818181818166,3.0
28,Ray Lewis,11,10.0,0.044937437334835066,1.0,7.0
28,Karamo Brown,8,6.714285714285714,0.022102506372780134,1.2857142857142856,9.0
28,Kate Flannery,7,5.0625,0.027203885872870866,1.9375,8.0
28,James Van Der Beek,5,3.05,0.08914499000918362,1.9500000000000002,5.0
28,Mary Wilson,12,8.0,0.021296732394404983,4.0,10.0
28,Sailor Brinkley-Cook,9,4.666666666666667,0.01385025432099931,4.333333333333333,11.0
29,Nelly,3,7.818181818181818,0.1502101023490397,-4.818181818181818,1.0
29,Kaitlyn Bristowe,1,2.909090909090909,0.13845961422945657,-1.9090909090909092,5.0
29,Skai Jackson,5,6.45,0.1428194892354904,-1.4500000000000002,2.0
29,Nev Schulman,2,2.772727272727273,0.1392834424272088,-0.7727272727272729,3.0
29,Justina Machado,4,4.318181818181818,0.13909485673337943,-0.31818181818181834,4.0
29,Chrishell Stause,8,8.1875,0.020322305861048436,-0.1875,10.0
29,Carole Baskin,14,13.833333333333334,0.006467738000451283,0.16666666666666607,14.0
29,Charles Oakley,15,14.25,0.0045236011185263245,0.75,15.0
29,AJ McLean,7,5.833333333333333,0.03970053740431676,1.166666666666667,9.0
29,Jeannie Mai,9,7.714285714285714,0.09803762610050688,1.2857142857142856,7.0
29,Johnny Weir,6,4.35,0.12842229423474644,1.6500000000000004,6.0
29,Veron Davis,11,8.833333333333334,0.014478023119892913,2.166666666666666,11.0
29,Anne Heche,13,10.25,0.006684409156855902,2.75,13.0
29,Jesse Metcalfe,12,8.8,0.011141668174389125,3.1999999999999993,12.0
29,Monica Aldama,10,6.571428571428571,0.09230611335425468,3.428571428571429,8.0
30,Iman Shumpert,1,7.6,0.13437762257013044,-6.6,2.0
30,Cody Rigsby,3,8.2,0.13475738879428878,-5.199999999999999,1.0
30,Jimmie Allen,7,7.5,0.11028248039184842,-0.5,7.0
30,Martin Kove,15,15.0,0.004597564146900581,0.0,15.0
30,JoJo Siwa,2,1.85,0.1253098694657951,0.1499999999999999,3.0
30,Matt James,12,11.75,0.08794891544208638,0.25,9.0
30,Suni Lee,5,4.722222222222222,0.12369454085213356,0.2777777777777777,4.0
30,"Mike ""The Miz"" Mizanin",9,8.357142857142858,0.02505317920265818,0.6428571428571423,11.0
30,Brian Austin Green,13,12.25,0.07680939207063123,0.75,10.0
30,Amanda Kloots,4,2.95,0.12208296942722037,1.0499999999999998,5.0
30,Melora Hardin,6,4.5,0.10606456687530359,1.5,8.0
30,Kenya Moore,10,8.25,0.013209006253552147,1.75,12.0
30,Olivia Jade,8,4.5,0.11204619978330274,3.5,6.0
30,Christine Chiu,14,8.833333333333334,0.007133339318105415,5.166666666666666,14.0
30,Melanie C,11,4.7,0.008801083647720503,6.3,13.0
31,Vinny Guadagnino,7,11.0,0.12227219215654254,-4.0,3.0
31,Daniel Durant,5,6.444444444444445,0.11670415642553784,-1.4444444444444446,6.0
31,Trevor Donovan,6,7.0,0.11675284691170172,-1.0,5.0
31,Gabby Windey,2,2.75,0.1230023398578984,-0.75,2.0
31,Shangela,4,4.75,0.12631382876840547,-0.75,1.0
31,Charli D'Amelio,1,1.5,0.12224856439725262,-0.5,4.0
31,Jessie James Decker,10,10.083333333333334,0.014581125114495325,-0.08333333333333393,12.0
31,Wayne Brady,3,2.85,0.11620650984330647,0.1499999999999999,7.0
31,Sam Champion,13,12.25,0.00897238888477252,0.75,13.0
31,Joseph Baena,11,10.2,0.09937723590279059,0.8000000000000007,9.0
31,Jason Lewis,16,15.0,0.0037855226241025443,1.0,16.0
31,Cheryl Ladd,14,12.833333333333334,0.005550128303165782,1.166666666666666,14.0
31,Teresa Giudice,15,13.5,0.005344294274366305,1.5,15.0
31,Jordin Sparks,9,7.428571428571429,0.02637265597576033,1.5714285714285712,11.0
31,Heidi D'Amelio,8,5.75,0.10041028040187008,2.25,8.0
31,Selma Blair,12,6.1,0.08074383743524877,5.9,10.0
32,Harry Jowsey,6,8.833333333333334,0.11936615353130255,-2.833333333333334,6.0
32,Alyson Hannigan,5,7.090909090909091,0.18001917379917987,-2.090909090909091,1.0
32,Xochitl Gomez,1,2.0,0.16184764729752385,-1.0,3.0
32,Jason Mraz,2,2.909090909090909,0.15548342980148971,-0.9090909090909092,5.0
32,Barry Williams,7,7.625,0.04373446174093237,-0.625,7.0
32,Ariana Madix,3,2.8636363636363638,0.1586520945998489,0.13636363636363624,4.0
32,Mauricio Umansky,9,8.833333333333334,0.02377925097317791,0.16666666666666607,9.0
32,Charity Lawson,4,3.0,0.16466784153740285,1.0,2.0
32,Matt Walsh,14,13.0,0.002947944170118981,1.0,14.0
32,Tyson Beckford,12,10.833333333333334,0.00872827161143968,1.166666666666666,13.0
32,Adrian Peterson,11,8.625,0.011694153434587485,2.375,11.0
32,Mira Sorvino,10,7.1,0.013427698961939183,2.9000000000000004,10.0
32,Lele Pons,8,4.428571428571429,0.034852858022187856,3.571428571428571,8.0
32,Jamie Lynn Spears,13,9.25,0.009381743677028036,3.75,12.0
33,Ilona Maher,2,5.444444444444445,0.18364887229393356,-3.4444444444444446,1.0
33,Eric Roberts,10,11.833333333333334,0.02485461053401979,-1.833333333333334,10.0
33,Reginald VelJohnson,10,11.833333333333334,0.01986464669022592,-1.833333333333334,11.0
33,Joey Graziadei,1,2.111111111111111,0.16753808102406254,-1.1111111111111112,5.0
33,Stephen Nedoroscik,4,4.0,0.17964659011873155,0.0,2.0
33,Danny Amendola,5,4.722222222222222,0.1721345673757783,0.2777777777777777,3.0
33,Dwight Howard,6,5.642857142857143,0.07962360711346018,0.35714285714285676,6.0
33,Chandler Kinney,3,1.7777777777777777,0.16951885319395477,1.2222222222222223,4.0
33,Phaedra Parks,8,6.6,0.011244945720264913,1.4000000000000004,12.0
33,Jenn Tran,7,5.583333333333333,0.032482010879451115,1.416666666666667,9.0
33,Tori Spelling,12,10.25,0.033410296524848476,1.75,8.0
33,Anna Delvey,12,10.0,0.049846558835150066,2.0,7.0
33,Brooks Nader,9,7.0,0.009615949469216893,2.0,13.0
34,Andy Richter,7,10.333333333333334,0.06079642715431735,-3.333333333333334,6.0
34,Robert Irwin,1,3.409090909090909,0.16539524542817702,-2.409090909090909,5.0
34,Alix Earle,2,3.409090909090909,0.16635725716669295,-1.4090909090909092,4.0
34,Dylan Efron,4,5.318181818181818,0.1674698919798901,-1.3181818181818183,2.0
34,Elaine Hendrix,5,5.909090909090909,0.1664947580691916,-0.9090909090909092,3.0
34,Jordan Chiles,3,3.8636363636363638,0.16968609572219553,-0.8636363636363638,1.0
34,Corey Feldman,13,13.75,0.026324011812801626,-0.75,10.0
34,Danielle Fishel,8,7.5625,0.03779121200175324,0.4375,8.0
34,Scott Hoying,10,8.833333333333334,0.011654498169540117,1.166666666666666,12.0
34,Baron Davis,13,11.0,0.030971988084324192,2.0,9.0
34,Jen Affleck,9,6.928571428571429,0.018743958559639895,2.071428571428571,11.0
34,Whitney Leavitt,6,1.95,0.0589497748061245,4.05,7.0
34,Lauren Jauregui,12,7.5,0.007243172597150114,4.5,14.0
34,Hilaria Baldwin,11,5.375,0.008528190746957874,5.625,13.0
