season,celebrity_name,era,delta_r_bar,delta_s_bar,n_weeks
1,Evander Holyfield,rank,-2.1666666666666665,0.010824116784195897,3
1,Joey McIntyre,rank,-1.6,0.15072639842905575,5
1,John O'Hurley,rank,1.8,-0.06751432401302371,5
1,Kelly Monaco,rank,-1.4,0.11112608385138775,5
1,Rachel Hunter,rank,2.75,-0.19370602750620303,4
1,Trista Sutter,rank,0.75,-0.11466951583243731,2
2,Drew Lachey,rank,3.3125,-0.11190532665366178,8
2,George Hamilton,rank,-1.9166666666666667,0.023748048812140123,6
2,Giselle Fernandez,rank,3.6666666666666665,-0.09361786326953714,3
2,Jerry Rice,rank,-3.6875,0.234456664717611,8
2,Kenny Mayne,rank,0.0,-0.058201097956647914,1
2,Lisa Rinna,rank,-2.0714285714285716,0.07816426597045294,7
2,Master P,rank,-2.75,0.003958063528017662,4
2,Stacy Keibler,rank,3.0,-0.1184548426055222,8
2,Tatum O'Neal,rank,2.75,-0.08884094372137066,2
2,Tia Carrere,rank,-0.1,-0.04430115944749939,5
3,Emmitt Smith,rank,-1.1111111111111112,0.0466818080398554,9
3,Harry Hamlin,rank,0.8333333333333334,-0.06668640175075735,3
3,Jerry Springer,rank,-2.357142857142857,-0.01482455507051157,7
3,Joey Lawrence,rank,-0.7222222222222222,0.07611716717699686,9
3,Mario Lopez,rank,2.0,-0.06564797249084482,9
3,Monique Coleman,rank,0.75,0.0020787086110933776,8
3,Sara Evans,rank,-4.1,0.06741187911499996,5
3,Shanna Moakler,rank,2.5,-0.07760934637207484,2
3,Tucker Carlson,rank,-1.0,-0.0498880960393788,1
3,Vivica A. Fox,rank,4.125,-0.08990392091047834,4
3,Willa Ford,rank,1.3,0.00010109483469630531,5
4,Apolo Anton Ohno,rank,0.35,0.05245303325009034,10
4,Billy Ray Cyrus,rank,-3.25,0.0330863085930877,8
4,Clyde Drexler,rank,-2.4,-0.030803159397049217,5
4,Heather Mills,rank,1.8333333333333333,-0.06419554737564637,6
4,Ian Ziering,rank,-1.1666666666666667,0.054729161139335604,9
4,Joey Fatone,rank,2.4,-0.024600114025895334,10
4,John Ratzenberger,rank,-2.5714285714285716,0.012750211638542201,7
4,Laila Ali,rank,1.0,0.009280856591920229,10
4,Leeza Gibbons,rank,2.125,-0.07681422519782398,4
4,Paulina Porizkova,rank,3.5,-0.08140015464720789,2
4,Shandi Finnessey,rank,0.8333333333333334,-0.06953195576827804,3
5,Albert Reed,rank,3.0,-0.06994259422193908,2
5,Cameron Mathison,rank,-1.0,0.029053161140958402,8
5,Floyd Mayweather Jr.,rank,-1.0,-0.04695891111153886,4
5,Helio Castroneves,rank,0.8,-0.01794005291137129,10
5,Jane Seymour,rank,0.7142857142857143,-0.0345817886024005,7
5,Jennie Garth,rank,-1.7222222222222223,0.07386340002163247,9
5,Josie Maran,rank,-1.0,-0.05580442070646348,1
5,Marie Osmond,rank,-3.95,0.18842918560621805,10
5,Mark Cuban,rank,-2.3,-0.024148635056101257,5
5,Mel B,rank,2.4,-0.10118814355667824,10
5,Sabrina Bryan,rank,6.916666666666667,-0.11373883255942514,6
5,Wayne Newton,rank,-1.6666666666666667,-0.053810612084562115,3
6,Adam Carolla,rank,0.25,-0.06328177721783744,4
6,Cristian de la Fuente,rank,-2.3,0.1205899119666343,10
6,Jason Taylor,rank,-0.15,0.08184454108372986,10
6,Kristi Yamaguchi,rank,5.2,-0.11534437247548124,10
6,Mario,rank,-0.125,-0.012989372479930057,8
6,Marissa Jaret Winokur,rank,-3.111111111111111,0.0710935495382307,9
6,Marlee Matlin,rank,0.25,-0.04862978972777678,6
6,Monica Seles,rank,-7.25,0.01954834050355147,2
6,Penn Jillette,rank,-3.5,-0.013965440708050513,2
6,Priscilla Presley,rank,2.8,-0.07538377104316171,5
6,Shannon Elizabeth,rank,0.21428571428571427,-0.042147026439381854,7
6,Steve Guttenberg,rank,1.6666666666666667,-0.06704656127165841,3
7,Brooke Burke,rank,4.65,-0.10184579120927104,10
7,Cloris Leachman,rank,-1.9166666666666667,-0.04930340969271574,6
7,Cody Linley,rank,-1.9444444444444444,0.06842947929584578,9
7,Jeffrey Ross,rank,-5.0,0.013434004326300264,1
7,Kim Kardashian,rank,-4.5,0.02734827795550171,2
7,Lance Bass,rank,-0.5,0.03811738524410786,10
7,Maurice Greene,rank,-1.5,0.003053090364009704,8
7,Misty May-Treanor,rank,0.5,0.004555746658383958,2
7,Rocco DiSpirito,rank,0.5,-0.07049948669075227,4
7,Susan Lucci,rank,-0.07142857142857142,-0.026082397503570793,7
7,Ted McGinley,rank,0.0,-0.02121093665073051,1
7,Toni Braxton,rank,4.4,-0.08160511376423252,5
7,Warren Sapp,rank,-1.1,0.11093836624390632,10
8,Belinda Carlisle,rank,3.0,-0.06284478071122256,2
8,Chuck Wicks,rank,-1.1875,0.0043867414633236065,8
8,David Alan Grier,rank,2.8,-0.07103702551844504,5
8,Denise Richards,rank,3.8333333333333335,-0.06303345748716538,3
8,Gilles Marini,rank,4.681818181818182,-0.061567907576445785,11
8,Holly Madison,rank,-5.5,0.04281231589460204,4
8,Lawrence Taylor,rank,-0.7142857142857143,-0.03857822333775478,7
8,Lil' Kim,rank,2.1666666666666665,-0.04182855160603237,9
8,Melissa Rycroft,rank,1.1363636363636365,0.03906265793323118,11
8,Shawn Johnson,rank,-0.7272727272727273,0.06587372127847976,11
8,Steve Wozniak,rank,-5.625,0.04489959620751914,4
8,Steve-O,rank,-1.5833333333333333,-0.03631529964888688,6
8,Ty Murray,rank,-3.85,0.06713766190850726,10
9,Aaron Carter,rank,4.3125,-0.054671157804458186,8
9,Ashley Hamiliton,rank,-5.5,0.004491702089642183,1
9,Chuck Liddell,rank,1.375,-0.05365468026323919,4
9,Debi Mazar,rank,-1.0,0.014380554168668078,3
9,Donny Osmond,rank,-0.7,0.02265592371825248,10
9,Joanna Krupa,rank,4.277777777777778,-0.04589378182526865,9
9,Kathy Ireland,rank,1.5,-0.04871634054315131,2
9,Kelly Osbourne,rank,-4.05,0.13343439488378733,10
9,Louie Vito,rank,-5.416666666666667,0.04805495076488967,6
9,Macy Gray,rank,-3.5,-0.003914467556379621,1
9,Mark Dacascos,rank,-0.5714285714285714,0.029178791147322736,7
9,Melissa Joan Hart,rank,-2.1666666666666665,0.013340205535369827,6
9,Michael Irvin,rank,-5.714285714285714,0.04787148155322886,7
9,Mya,rank,5.4,-0.1039790461142877,10
9,Natalie Coughlin,rank,5.1,-0.0677912741265825,5
9,Tom DeLay,rank,-4.0,0.009622201004349844,3
10,Aiden Turner,rank,-0.375,-0.0617469585024112,4
10,Buzz Aldrin,rank,-1.3333333333333333,-0.0540136512186166,3
10,Chad Ochocinco,rank,-2.888888888888889,0.08341289951077885,9
10,Erin Andrews,rank,-2.1,0.18656643038109033,10
10,Evan Lysacek,rank,1.75,0.003828716711871849,10
10,Jake Pavelka,rank,0.5833333333333334,-0.04767441854837282,6
10,Kate Gosselin,rank,-2.0,-0.04391306520562942,5
10,Nicole Scherzinger,rank,4.85,-0.1522400913861692,10
10,Niecy Nash,rank,-2.1875,0.018944164852554245,8
10,Pamela Anderson,rank,0.7142857142857143,-0.029554303023698953,7
10,Shannen Doherty,rank,2.75,-0.08114961266780082,2
11,Audrina Patridge,rank,3.5833333333333335,-0.0720140186504475,6
11,Brandy,rank,3.0555555555555554,-0.08548746096249021,9
11,Bristol Palin,rank,-4.3,0.16825494032766303,10
11,David Hasselhoff,rank,1.0,-0.06163190945370649,1
11,Florence Henderson,rank,0.0,-0.05031499139452591,5
11,Jennifer Grey,rank,3.9,-0.11955909258602712,10
11,Kurt Warner,rank,-1.8125,0.036842492780237455,8
11,Kyle Massey,rank,-2.55,0.1317314050389514,10
11,Margaret Cho,rank,-1.1666666666666667,-0.0599170979499881,3
11,Michael Bolton,rank,0.0,-0.05465800424897775,2
11,Rick Fox,rank,0.35714285714285715,-0.012968069923168844,7
11,The Situation,rank,-1.25,-0.05112263781155932,4
12,Chelsea Kane,rank,1.15,-0.05998638020551141,10
12,Chris Jericho,rank,1.75,-0.06784445187022609,6
12,Hines Ward,rank,1.85,-0.00661418238666911,10
12,Kendra Wilkinson,rank,-1.5714285714285714,-0.001074790976720415,7
12,Kirstie Alley,rank,-3.05,0.17707681125991753,10
12,Mike Catherwood,rank,0.0,-0.061032606274084036,2
12,Petra Nemcova,rank,1.7,-0.06502395765417535,5
12,Ralph Macchio,rank,-0.1111111111111111,0.029413979285179977,9
12,Romeo,rank,0.0,-0.009765993042302308,8
12,Sugar Ray Leonard,rank,-0.875,-0.06402204539073834,4
12,Wendy Williams,rank,-1.0,-0.057832308488391194,3
13,Carson Kressley,rank,-1.4,-0.04397030186590741,5
13,Chaz Bono,rank,-2.4166666666666665,-0.0312150967841907,6
13,Chynna Phillips,rank,4.875,-0.08848903553316867,4
13,David Arquette,rank,-0.5,-0.018980226241532363,7
13,Elisabetta Canalis,rank,1.75,-0.07002681772885141,2
13,Hope Solo,rank,-1.4444444444444444,0.042499457589067355,9
13,J.R. Martinez,rank,1.5,0.049075840682522756,10
13,Kristin Cavallari,rank,4.666666666666667,-0.07756495604703188,3
13,Metta World Peace (Ron),rank,-1.0,-0.055242430480320626,1
13,Nancy Grace,rank,-2.75,0.04393917987998341,8
13,Ricki Lake,rank,3.45,-0.05883497242851112,10
13,Rob Kardashian,rank,-2.55,0.06855335100556122,10
14,Donald Driver,rank,-0.85,0.0629791684177834,10
14,Gavin DeGraw,rank,-0.7,-0.05722272843180516,5
14,Gladys Knight,rank,-1.9166666666666667,-0.037276530711564164,6
14,Jack Wagner,rank,2.6666666666666665,-0.0712108094269912,3
14,Jaleel White,rank,1.4285714285714286,-0.022819580907991768,7
14,Katherine Jenkins,rank,3.5,-0.048812059900977436,10
14,Maria Menounos,rank,1.0,-0.026103912649448266,9
14,Martina Navratilova,rank,0.5,-0.06266885225441879,2
14,Melissa Gilbert,rank,-4.375,0.07859158664731314,8
14,Roshon Fegan,rank,-1.25,0.04968596114799521,8
14,Sherri Sheperd,rank,1.875,-0.06709604802922842,4
14,William Levy,rank,-0.2,0.03439079640055861,10
15,Apolo Anton Ohno,rank,1.8333333333333333,0.002694720739141155,9
15,Bristol Palin,rank,-1.5,-0.05202280859293759,4
15,Drew Lachey,rank,-2.8333333333333335,0.031223172992980996,3
15,Emmitt Smith,rank,-2.3333333333333335,0.03032438050704536,9
15,Gilles Marini,rank,2.0625,-0.00014929113961914542,8
15,Helio Castroneves,rank,0.16666666666666666,0.02482115768583454,3
15,Joey Fatone,rank,2.0,-0.0682086327919313,2
15,Kelly Monaco,rank,-2.25,0.03959023616657252,10
15,Kirstie Alley,rank,-4.0,0.0433003733048152,8
15,Melissa Rycroft,rank,2.4,-0.05472879072035438,10
15,Pamela Anderson,rank,0.0,-0.0559647339782555,1
15,Sabrina Bryan,rank,5.333333333333333,-0.06595013097813247,6
15,Shawn Johnson,rank,-0.35,0.013704600476678833,10
16,Alexandra Raisman,rank,1.6,-0.004980483149481957,10
16,Andy Dick,rank,-2.142857142857143,-0.009204516877261173,7
16,D. L. Hughley,rank,-1.2,-0.05033402147476864,5
16,Dorothy Hamill,rank,4.0,-0.07073908327861839,2
16,Ingo Rademacher,rank,-2.0555555555555554,0.05405840493443993,9
16,Jacoby Jones,rank,-1.15,0.05686172724816081,10
16,Kellie Pickler,rank,0.75,0.032744054529422015,10
16,Lisa Vanderpump,rank,0.875,-0.0648096295277643,4
16,Sean Lowe,rank,-1.4375,0.011849914082006701,8
16,Victor Ortiz,rank,-1.0833333333333333,-0.04204415816489454,6
16,Wynonna Judd,rank,1.0,-0.062355062124570926,3
16,Zendaya,rank,3.1,-0.027142939780097613,10
17,Amber Riley,rank,1.8636363636363635,-0.03692540955252334,11
17,Bill Engvall,rank,-5.045454545454546,0.11438333443557475,11
17,Bill Nye,rank,-1.5,-0.049941475077123015,3
17,Brant Daugherty,rank,1.3125,-0.04850131424123552,8
17,Christina Milian,rank,3.5,-0.05358242388823233,5
17,Corbin Bleu,rank,2.6818181818181817,-0.01434039576642404,11
17,Elizabeth Berkley Lauren,rank,1.9444444444444444,-0.028742218687556373,9
17,Jack Osbourne,rank,-2.590909090909091,0.09001475310346466,11
17,Keyshawn Johnson,rank,0.0,-0.06041925762341825,2
17,Leah Remini,rank,-2.0,0.013419235265560658,10
17,"Nicole ""Snooki"" Polizzi",rank,2.142857142857143,-0.057169832476875695,7
17,Valerie Harper,rank,-0.5,-0.05829827192530748,4
18,Amy Purdy,rank,0.7222222222222222,0.029030264074963983,9
18,Billy Dee Williams,rank,-3.0,-0.03417052891054607,1
18,Candace Cameron Bure,rank,-3.388888888888889,0.12677556890459138,9
18,Charlie White,rank,2.0,-0.04248649972383191,8
18,Cody Simpson,rank,1.0,-0.08701231769655729,4
18,Danica McKellar,rank,1.0714285714285714,-0.02560297342873852,7
18,Diana Nyad,rank,-3.0,-0.03851172246626519,1
18,Drew Carey,rank,0.6,-0.08318172872933857,5
18,James Maslow,rank,-1.8888888888888888,0.10120919387467235,9
18,Meryl Davis,rank,2.7222222222222223,-0.06227559602054152,9
18,NeNe Leakes,rank,-0.6666666666666666,-0.06349608931748661,6
18,Sean Avery,rank,-4.0,-0.015925363996697535,1
19,Alfonso Ribeiro,rank,2.727272727272727,-0.003851073470981517,11
19,Antonio Sabato Jr.,rank,-0.6428571428571429,-0.04392074714628025,7
19,Bethany Mota,rank,-0.36363636363636365,0.08808349428241388,11
19,Betsey Johnson,rank,-0.125,-0.06158641753870557,4
19,Janel Parrish,rank,1.4090909090909092,-0.034431124142955995,11
19,Jonathan Bennett,rank,1.0833333333333333,-0.055090930987543585,6
19,Lea Thompson,rank,1.8333333333333333,-0.03766955181089128,9
19,Lolo Jones,rank,0.0,-0.05245736499597059,1
19,Michael Waltrip,rank,-3.1875,-0.032449901177017085,8
19,Randy Couture,rank,1.8333333333333333,-0.06884587415478911,3
19,Sadie Robertson,rank,-1.3181818181818181,0.10862841322795601,11
19,Tavis Smiley,rank,2.5,-0.07100278836603344,2
19,Tommy Chong,rank,-3.0,0.014123541714985316,10
20,Charlotte McKinney,rank,-1.0,-0.058540838080677136,3
20,Chris Soules,rank,-4.625,0.08978968847810119,8
20,Michael Sam,rank,0.75,-0.060738234362990556,4
20,Nastia Liukin,rank,5.111111111111111,-0.10638142759962159,9
20,Noah Galloway,rank,-4.0,0.16644764311024698,10
20,Patti LaBelle,rank,-1.4166666666666667,-0.04538821005742243,6
20,Redfoo,rank,2.75,-0.07162560860638865,2
20,Riker Lynch,rank,2.2,-0.056435315509203686,10
20,Robert Herjavec,rank,-2.5625,0.07610841946242866,8
20,Rumer Willis,rank,1.2,0.0035562815460674275,10
20,Suzanne Somers,rank,0.8,-0.06543926751835868,5
20,Willow Shields,rank,2.357142857142857,-0.049155119965093155,7
21,Alek Skarlatos,rank,-4.2272727272727275,0.1253396905019137,11
21,Alexa PenaVega,rank,-0.1111111111111111,0.014752318312249843,9
21,Andy Grammer,rank,0.1875,-0.05131717915409947,8
21,Bindi Irwin,rank,2.3636363636363638,-0.0485998361190876,11
21,Carlos PenaVega,rank,-0.3181818181818182,0.025390913113648415,11
21,Chaka Khan,rank,-3.0,-0.021581318905988363,2
21,Gary Busey,rank,1.0,-0.061195473410719986,4
21,Hayes Grier,rank,1.7142857142857142,-0.057691519590246695,7
21,Kim Zolciak-Biermann,rank,-5.0,-0.0019551374772111656,2
21,Nick Carter,rank,1.9090909090909092,-0.007154289670533851,11
21,Paula Deen,rank,0.0,-0.054686200944936765,6
21,Tamar Braxton,rank,0.8333333333333334,0.03187547782756114,9
21,Victor Espinoza,rank,-2.5,-0.015020669450111383,2
22,Antonio Brown,rank,-4.833333333333333,0.0783500945728807,9
22,Doug Flutie,rank,-1.0,-0.05460324676418077,6
22,Geraldo Rivera,rank,0.0,-0.049865535036943166,2
22,Ginger Zee,rank,1.9,0.0012538737319471444,10
22,Jodie Sweetin,rank,1.0625,-0.025406042888774967,8
22,Kim Fields,rank,-3.0,0.049619506252622674,7
22,Marla Maples,rank,2.625,-0.06518904431499256,4
22,Mischa Barton,rank,0.0,-0.05471854728073532,3
22,Nyle DiMarco,rank,1.7,0.006191901258746463,10
22,Paige VanZant,rank,1.4,-0.021543426387403745,10
22,Von Miller,rank,-3.642857142857143,0.06063172370308149,7
22,Wanya Morris,rank,3.0,-0.031158026000823028,9
23,Amber Rose,rank,1.25,-0.06868839677304793,6
23,Babyface,rank,-1.375,0.02338474291219749,4
23,Calvin Johnson Jr.,rank,-1.4090909090909092,0.08345807836781899,11
23,Jake T. Austin,rank,-0.75,-0.054475836395123274,2
23,James Hinchcliffe,rank,1.4545454545454546,0.005966512474122988,11
23,Jana Kramer,rank,-1.2727272727272727,0.07497592242805498,11
23,Laurie Hernandez,rank,3.8181818181818183,-0.06393239558822641,11
23,Marilu Henner,rank,-0.4444444444444444,-0.0016323506639979893,9
23,Maureen McCormick,rank,1.1428571428571428,-0.06749801008948794,7
23,Rick Perry,rank,-0.5,-0.057177857974266166,3
23,Ryan Lochte,rank,-1.375,-0.03964482100330728,8
23,Terra Jole,rank,-0.3,0.01703425532553595,10
23,Vanilla Ice,rank,-4.375,0.03198015064414074,4
24,Bonner Bolton,rank,-0.8125,0.0021743212757706614,8
24,Charo,rank,0.5,-0.06458060104589652,3
24,Chris Kattan,rank,-0.25,-0.053854027009839794,2
24,David Ross,rank,-4.1,0.10455303797315282,10
24,Erika Jayne,rank,0.6,-0.05696205739746678,5
24,Heather Morris,rank,2.3333333333333335,0.003872571543357309,6
24,Mr. T,rank,-1.375,-0.05773429376391956,4
24,Nancy Kerrigan,rank,1.0714285714285714,0.028316711810838006,7
24,Nick Viall,rank,-3.5,0.04812002987698321,7
24,Normani,rank,2.6,-0.05657026472767668,10
24,Rashad Jennings,rank,1.05,-0.013307840608415233,10
24,Simone Biles,rank,1.7222222222222223,-0.011693244272365042,9
25,Barbara Corcoran,rank,-4.0,-0.03155284700401023,2
25,Debbie Gibson,rank,-0.75,-0.02694451777819441,2
25,Derek Fisher,rank,1.625,-0.07066603176467343,4
25,Drew Scott,rank,-4.45,0.11159826604483761,10
25,Frankie Muniz,rank,-1.1,0.07297584103404173,10
25,Jordan Fisher,rank,6.3,-0.1081715092404187,10
25,Lindsey Stirling,rank,1.65,-0.013482302907900428,10
25,Nick Lachey,rank,-0.9166666666666666,-0.05613052297769696,6
25,Nikki Bella,rank,-3.0,0.052988765158104224,7
25,Sasha Pieterse,rank,2.1,-0.06654932153956894,5
25,Terrell Owens,rank,-0.4375,-0.03116590429330943,8
25,Vanessa Lachey,rank,-0.7857142857142857,0.039134682883154755,7
25,Victoria Arlen,rank,0.4444444444444444,0.004938750104354438,9
26,Adam Rippon,rank,5.0,-0.17115417438012748,4
26,Arike Ogunbowale,rank,-4.0,0.08180748024820707,2
26,Chris Mazdzer,rank,-2.3333333333333335,0.056753687893237224,3
26,Jamie Anderson,rank,-6.0,0.0565176072719573,1
26,Jennie Finch Daigle,rank,-1.6666666666666667,0.03489346344259948,3
26,Johnny Damon,rank,-3.0,0.01477094060195755,1
26,Josh Norman,rank,1.5,0.021780644191586554,4
26,Kareem Abdul-Jabbar,rank,-2.0,-0.031732950871298155,2
26,Mirai Nagasu,rank,1.1666666666666667,-0.003090074270679588,3
26,Tonya Harding,rank,0.875,0.04009632073273993,4
27,Alexis Ren,rank,-0.4444444444444444,0.03732918560087426,9
27,Bobby Bones,rank,-4.0,0.07315406439690035,9
27,Danelle Umstead,rank,0.5,-0.060611472835805466,2
27,DeMarcus Ware,rank,-2.0714285714285716,0.02655980020395206,7
27,Evanna Lynch,rank,0.2222222222222222,-0.010241349621114643,9
27,Joe Amabile,rank,-7.4375,0.0722301446631553,8
27,John Schneider,rank,-2.7857142857142856,0.044297645988235164,7
27,Juan Pablo Di Pace,rank,5.5,-0.06953125501490177,8
27,Mary Lou Retton,rank,1.9166666666666667,-0.03848124375590317,6
27,Milo Manheim,rank,4.111111111111111,-0.05097818247764219,9
27,Nancy McKeon,rank,1.3333333333333333,-0.062287240395663836,3
27,Nikki Glaser,rank,0.0,-0.06264308705972864,1
27,Tinashe,rank,8.5,-0.08983787129218715,4
28,Ally Brooke,percent,-0.09090909090909091,0.051111145087894425,11
28,Hannah Brown,percent,-1.5454545454545454,0.06417329030233138,11
28,James Van Der Beek,percent,1.95,-0.042018309708565835,10
28,Karamo Brown,percent,1.7142857142857142,-0.0752050785234731,7
28,Kate Flannery,percent,2.1875,-0.08142176024249409,8
28,Kel Mitchell,percent,-0.3181818181818182,0.05349203533095556,11
28,Lamar Odom,percent,0.0,-0.051821847645667656,4
28,Lauren Alaina,percent,-2.8636363636363638,0.0734823595387399,11
28,Mary Wilson,percent,1.5,-0.056583532101782845,2
28,Ray Lewis,percent,-3.0,-0.029826417729316247,2
28,Sailor Brinkley-Cook,percent,5.0,-0.09117598644917074,6
28,Sean Spicer,percent,-2.5555555555555554,-0.015521243914368592,9
29,AJ McLean,percent,2.7222222222222223,-0.05230415467780766,9
29,Anne Heche,percent,3.0,-0.057879452785074705,4
29,Carole Baskin,percent,-0.16666666666666666,-0.04179231824406913,3
29,Charles Oakley,percent,0.75,-0.04567447044970649,2
29,Chrishell Stause,percent,1.5625,-0.0603841303094952,8
29,Jeannie Mai,percent,-0.7142857142857143,0.019059397483622145,7
29,Jesse Metcalfe,percent,3.2,-0.05881791657419799,5
29,Johnny Weir,percent,0.05,0.024200147363228987,10
29,Justina Machado,percent,-0.13636363636363635,0.023565108113548564,11
29,Kaitlyn Bristowe,percent,1.4545454545454546,0.01928667553794845,11
29,Monica Aldama,percent,1.4285714285714286,0.012704847288154747,7
29,Nelly,percent,-5.909090909090909,0.04263627274387287,11
29,Nev Schulman,percent,1.2272727272727273,0.017689639371334852,11
29,Skai Jackson,percent,-4.75,0.04443099685355219,10
29,Veron Davis,percent,2.1666666666666665,-0.05791201413081035,6
30,Amanda Kloots,percent,3.75,0.0031940985918045726,10
30,Brian Austin Green,percent,-2.25,0.013741763571248856,4
30,Christine Chiu,percent,5.166666666666667,-0.05997583445638489,3
30,Cody Rigsby,percent,-5.8,0.027503586851425826,10
30,Iman Shumpert,percent,-5.3,0.026859280789095837,10
30,Jimmie Allen,percent,-3.0,0.024330704217974695,8
30,JoJo Siwa,percent,3.75,0.002666761987272745,10
30,Kenya Moore,percent,3.0833333333333335,-0.062873789151163,6
30,Martin Kove,percent,0.0,-0.03320555232424796,2
30,Matt James,percent,-3.5,0.02375066797900953,4
30,Melanie C,percent,7.9,-0.07084702808889065,5
30,Melora Hardin,percent,2.7222222222222223,0.006611167608557327,9
30,"Mike ""The Miz"" Mizanin",percent,1.7857142857142858,-0.054870560233644894,7
30,Olivia Jade,percent,-0.375,0.018249455337511582,8
30,Suni Lee,percent,-2.7222222222222223,0.023284623520740722,9
31,Charli D'Amelio,percent,4.1,-0.002558552034001002,10
31,Cheryl Ladd,percent,1.1666666666666667,-0.04961588691412325,3
31,Daniel Durant,percent,-3.7777777777777777,0.02199951155155498,9
31,Gabby Windey,percent,2.85,0.0033859340817169585,10
31,Heidi D'Amelio,percent,1.125,0.013288384983249918,8
31,Jason Lewis,percent,1.0,-0.043334896224065,1
31,Jessie James Decker,percent,1.5833333333333333,-0.056528807366337995,6
31,Jordin Sparks,percent,3.0,-0.05536261476250991,7
31,Joseph Baena,percent,-7.2,0.03114153437955145,5
31,Sam Champion,percent,0.75,-0.05064590268250375,4
31,Selma Blair,percent,3.9,0.005927795286308582,5
31,Shangela,percent,-0.45,0.011957938374237134,10
31,Teresa Giudice,percent,1.5,-0.048746337556061184,2
31,Trevor Donovan,percent,-4.0,0.024100731203093643,9
31,Vinny Guadagnino,percent,-9.875,0.050599299171879976,8
31,Wayne Brady,percent,5.05,-0.0020233520237537953,10
32,Adrian Peterson,percent,2.625,-0.06244553234403018,4
32,Alyson Hannigan,percent,-5.909090909090909,0.06719993143416408,11
32,Ariana Madix,percent,0.5909090909090909,0.024102713157657298,11
32,Barry Williams,percent,-0.625,-0.048472499514018275,8
32,Charity Lawson,percent,-0.45454545454545453,0.029418420954437693,11
32,Harry Jowsey,percent,-2.8333333333333335,0.03028476466410445,9
32,Jamie Lynn Spears,percent,2.75,-0.05669923416865569,2
32,Jason Mraz,percent,1.5454545454545454,0.020614527641845393,11
32,Lele Pons,percent,3.5714285714285716,-0.06373054636586323,7
32,Matt Walsh,percent,1.0,-0.04900010777793297,1
32,Mauricio Umansky,percent,0.16666666666666666,-0.05425638270335629,6
32,Mira Sorvino,percent,2.9,-0.06834937071760729,5
32,Tyson Beckford,percent,1.5,-0.05443766461951203,3
32,Xochitl Gomez,percent,1.3636363636363635,0.02267438752592502,11
33,Anna Delvey,percent,-3.0,-0.01883696103188091,2
33,Brooks Nader,percent,4.5,-0.07949624091947452,4
33,Chandler Kinney,percent,2.5555555555555554,0.025728919346045317,9
33,Danny Amendola,percent,-1.1666666666666667,0.0398261054166762,9
33,Dwight Howard,percent,0.35714285714285715,-0.031333325419375266,7
33,Eric Roberts,percent,-2.5,-0.038914237216542046,3
33,Ilona Maher,percent,-4.111111111111111,0.053585664028262495,9
33,Jenn Tran,percent,2.0833333333333335,-0.07335865957479205,6
33,Joey Graziadei,percent,2.0,0.027471302399117967,9
33,Phaedra Parks,percent,3.4,-0.08364225244039217,5
33,Reginald VelJohnson,percent,-1.5,-0.04119905873403773,3
33,Stephen Nedoroscik,percent,-2.3333333333333335,0.04773310232967065,9
33,Tori Spelling,percent,-2.25,-0.03770528524910707,2
34,Alix Earle,percent,-0.13636363636363635,0.045385698083149704,11
34,Andy Richter,percent,-4.222222222222222,-0.019753562964905012,9
34,Baron Davis,percent,-2.0,-0.03222806629173633,2
34,Corey Feldman,percent,-3.75,-0.027899088081288825,2
34,Danielle Fishel,percent,0.4375,-0.05431085605674012,8
34,Dylan Efron,percent,-2.590909090909091,0.05189416781289151,11
34,Elaine Hendrix,percent,-2.5454545454545454,0.053474183749047575,11
34,Hilaria Baldwin,percent,6.375,-0.07653688449047297,4
34,Jen Affleck,percent,2.642857142857143,-0.06803876208314338,7
34,Jordan Chiles,percent,-1.6818181818181819,0.05078948365715303,11
34,Lauren Jauregui,percent,5.833333333333333,-0.06777614354540726,3
34,Robert Irwin,percent,0.045454545454545456,0.04421118921081301,11
34,Scott Hoying,percent,2.0,-0.06737393912373289,6
34,Whitney Leavitt,percent,4.85,-0.05807877858369718,10
