season,K_s,S_s
1,4,1.0
2,8,1.0
3,8,0.9682236291960339
4,9,1.0
5,10,1.0
6,9,0.36503483424510214
7,9,0.194535861109013
8,10,0.8354194240930457
9,10,0.21553639423846715
10,9,1.0
11,10,1.0
12,9,1.0
13,10,1.0
14,9,0.9855052134474213
15,8,0.819181913137235
16,9,1.0
17,9,0.9379384338950898
18,7,0.5156106519742882
19,10,1.0
20,9,0.9855052134474213
21,7,0.5067222339949612
22,8,0.9596291429405752
23,9,0.3054911143002039
24,9,0.9318558002524897
25,8,0.30107708031492525
26,4,0.5005714285714286
27,8,0.9724833496186978
28,8,0.6742225142356548
29,10,0.9448904435220652
30,9,0.8219649149653357
31,10,0.7392742627466921
32,10,1.0
33,7,0.3877587059405241
34,9,0.6016271566839668
