season,week,era,n_alive,P_agree,P_override_rank,P_override_pct,B
1,2,rank,6,0.4157900530958105,0.23212308065939588,0.7738751025215342,600
1,3,rank,5,0.7387774385466203,0.015151082300812371,0.2603621448609392,600
1,4,rank,4,0.2038810893916188,0.20874580142991664,0.9983517642813141,600
2,1,rank,10,0.8755213355968191,0.8961850477906285,0.7997455215042094,600
2,2,rank,9,0.7913970515269655,0.6888028137363968,0.8232416494186555,600
2,3,rank,8,0.806266772221497,0.48363937996366685,0.5541377527516224,600
2,4,rank,7,0.8411594571948854,0.15164485045468468,0.08765817478251428,600
2,5,rank,6,0.5948513120915373,0.08730740007305893,0.42915331388311967,600
2,6,rank,5,0.2530499589009504,0.14509914750515543,0.808786854646131,600
2,7,rank,4,0.7208307154756058,0.8804948410487763,0.999563276154643,600
3,1,rank,11,0.9284210029183007,0.08857583721877064,0.06812182709260767,600
3,2,rank,10,0.5959013620320548,0.6465806844571922,0.8328965710689938,600
3,3,rank,9,0.433773234391841,0.8034552915373756,0.9863741349875286,600
3,4,rank,8,0.4124288670568492,0.760813197258653,0.9328434291826531,600
3,7,rank,5,0.23560500836574028,0.07166195899101374,0.7841004156150636,600
3,8,rank,4,0.01786723046211206,0.04837483635480448,0.9821327695378879,600
4,2,rank,11,0.7384390305864603,0.6473685722658933,0.6415562848467816,600
4,3,rank,10,0.7493398424943059,0.2977876379942086,0.4295998869489812,600
4,4,rank,9,0.7743009693546891,0.5516860804038501,0.6743108379123616,600
4,5,rank,8,0.8286317565430519,0.16824820564872256,0.19909768312644982,600
4,6,rank,7,0.6007387363082441,0.7187311399212257,0.8431964852893202,600
4,7,rank,6,0.3885873661248326,0.3920033949950771,0.8196098590019294,600
4,8,rank,5,0.4058553980517225,0.06478889097715469,0.6057456609861991,600
4,9,rank,4,0.10436636165560406,0.09060625827842614,0.9827592096368247,600
5,1,rank,12,0.8609303685995218,0.20670228569576532,0.11444996757261644,600
5,2,rank,11,0.8433612312731463,0.2891378890631131,0.21636740007072328,600
5,3,rank,10,0.8954689846347863,0.183525843561482,0.16040428943695334,600
5,4,rank,9,0.8015247808137408,0.7170523310395135,0.690092270408339,600
5,5,rank,8,0.5716096944067811,0.9566907943085827,0.9961561425180687,600
5,6,rank,7,0.4073557920104034,0.3139329895081734,0.8265110167641412,600
5,7,rank,6,0.1732006712314459,0.19208714436340713,0.8413465292206963,600
5,8,rank,5,0.09369449747107858,0.6789153387243424,0.9983271011826894,600
5,9,rank,4,0.8047440264338711,0.8863445715101828,1.0,600
6,3,rank,10,0.9697502688035673,0.9708357959755254,0.9808554455690252,600
6,4,rank,9,0.9063165046943773,0.17189981027613188,0.16204988581098184,600
6,5,rank,8,0.8395539874474492,0.27919793529582837,0.25570134480138107,600
6,6,rank,7,0.7527739970322682,0.11913981661771114,0.30943494898404394,600
6,7,rank,6,0.27521718144765583,0.9253470594480957,0.9967621955550037,600
6,8,rank,5,0.08299137205674241,0.46831420240323157,0.987743518983951,600
6,9,rank,4,0.06976084192511531,0.34229764253304484,0.9817028794816601,600
7,4,rank,9,0.9296930963475706,0.10204501926636592,0.13840123562632511,600
7,5,rank,8,0.5915835979437803,0.19418043275695415,0.5708778386851124,600
7,6,rank,7,0.9131755783117217,0.04266042173488997,0.09799331160486666,600
7,7,rank,6,0.3725117818878185,0.8590664035629649,0.9942732524520794,600
7,8,rank,5,0.17157157995403394,0.8357966452538852,0.9888279122485115,600
7,9,rank,4,0.053503051176314015,0.05345268423549451,0.9467966664563503,600
8,2,rank,13,0.6684284044440776,0.6161396818664311,0.4406131180461841,600
8,3,rank,12,0.7469023173022751,0.9440447891423573,0.8475337075456975,600
8,5,rank,9,0.7565953656274367,0.45664909007817095,0.45895145282531286,600
8,6,rank,8,0.90112508607641,0.13553616860310644,0.15042084447555598,600
8,7,rank,7,0.6788050573186857,0.06104218470377302,0.3314239616299627,600
8,8,rank,6,0.13073992561098866,0.9331612575112832,1.0,600
8,9,rank,5,0.12596669286655562,0.8499221715687937,0.9909230228384932,600
8,10,rank,4,0.076528299061112,0.11281074514060745,0.9444978587211026,600
9,2,rank,14,0.8825778527455974,0.19748649924676204,0.20477218122644725,600
9,4,rank,11,0.8993605083514723,0.9602239136593061,0.9806859561550061,600
9,5,rank,10,0.7731222380835011,0.8723604307935677,0.9501345486301178,600
9,8,rank,5,0.32163011520688917,0.07058405361668038,0.6819440099749111,600
9,9,rank,4,0.0030817143279726743,0.052830514004984175,0.9969182856720273,600
10,2,rank,11,0.9129465098211316,0.13684361195777311,0.09591790832704751,600
10,3,rank,10,0.9392371928084005,0.08653013213601299,0.08597031201645298,600
10,4,rank,9,0.8641222796552548,0.6729655039780919,0.6044293300567749,600
10,5,rank,8,0.8927518534765688,0.05935407929293709,0.13583537567371973,600
10,6,rank,7,0.6853262672194244,0.08010752490305324,0.3578169174162706,600
10,7,rank,6,0.1716028130823326,0.4682757140618868,0.9595818379514021,600
10,8,rank,5,0.3707634137883849,0.16747232529871495,0.6634669773726272,600
10,9,rank,4,0.09528826612843233,0.09189957375137538,0.9938617270874551,600
11,1,rank,12,0.9645423014501849,0.33696345875053824,0.3367212824460774,600
11,2,rank,11,0.8574636536945002,0.1973656401770495,0.05815195534556861,600
11,3,rank,10,0.8926852318477603,0.0953900401823407,0.18341270387526915,600
11,4,rank,9,0.903996023362019,0.09642020765984044,0.1737477997373179,600
11,5,rank,8,0.6325012856066898,0.849649078699892,0.9840784658991811,600
11,6,rank,7,0.23615101768651833,0.41398483765083693,0.8156798575781242,600
11,7,rank,6,0.10048376406154293,0.525232790421158,0.9999999999999999,600
11,8,rank,5,0.21849503410406654,0.7205641367448422,0.9984788588361297,600
11,9,rank,4,0.04655052082589928,0.9566863324287895,0.9995484509616139,600
12,2,rank,11,0.9854146008091182,0.46912344780547655,0.475683367523865,600
12,3,rank,10,0.8712757769914394,0.20252279080173224,0.12869128456299708,600
12,4,rank,9,0.7887316332016034,0.7702403846528241,0.8316741996057422,600
12,5,rank,8,0.6367412548460125,0.8334378140524964,0.9129689698124412,600
12,6,rank,7,0.6140305822105716,0.05037194459283844,0.4022667403922837,600
12,7,rank,6,0.1926450081681721,0.895918111600224,0.998698046964091,600
12,8,rank,5,0.08875044354997341,0.5507911900521234,0.9908487412472349,600
12,9,rank,4,0.21771433050261457,0.16594929302331635,0.8172153421249134,600
13,1,rank,12,0.7052034845409385,0.4567750969561134,0.21202256225868726,600
13,2,rank,11,0.634614814099476,0.5039095326671696,0.6988400244574441,600
13,3,rank,10,0.5794049081062321,0.47153728172238435,0.5986247419468872,600
13,4,rank,9,0.6292702975803566,0.35005753911451837,0.7062357400821252,600
13,5,rank,8,0.7569094322824556,0.14942036168669112,0.35480105357922953,600
13,6,rank,7,0.7102883237313407,0.05624713589728171,0.3199744879880664,600
13,7,rank,6,0.260664197000181,0.828165308066003,0.9599708779791447,600
13,8,rank,5,0.19227091857206613,0.06267710327640004,0.8112709920672057,600
13,9,rank,4,0.07522600597373345,0.00923670278303977,0.9270731022806004,600
14,2,rank,12,0.9249747841199074,0.13589310491003892,0.08832641099897977,600
14,3,rank,11,0.9868266033219649,0.8198262448279406,0.8198262448279406,600
14,4,rank,10,0.7610912793728541,0.6002330870416399,0.7005457617633775,600
14,5,rank,9,0.8732065672798389,0.07710682361484233,0.18955297104895352,600
14,6,rank,8,0.8063638244059733,0.07130248910577167,0.22414073559864084,600
14,7,rank,7,0.2704526655132018,0.8271389849908424,0.9671781062600444,600
14,9,rank,4,0.0016222719564150307,0.5257003347513483,0.9995319443220425,600
15,1,rank,13,0.907247772930496,0.16865429705998147,0.11727646380803503,600
15,2,rank,12,0.7965295239100739,0.18240882529284844,0.34109248722931906,600
15,4,rank,9,0.725972408694393,0.9300238558791989,0.9618292411268252,600
15,6,rank,8,0.07040909570912623,0.5084412633859389,0.9788785303178319,600
16,2,rank,12,0.8880517268510237,0.20531188585570515,0.12433085596159127,600
16,3,rank,11,0.8511513033390562,0.2805532198247999,0.15091643538544536,600
16,4,rank,10,0.9336538608554907,0.21768656196203645,0.25631294393132253,600
16,5,rank,9,0.906266904632779,0.8814351798212161,0.9109286592246926,600
16,6,rank,8,0.7625182268621409,0.2733361573931533,0.3230276634052339,600
16,7,rank,7,0.785737318240306,0.13079584932252802,0.26261150198964056,600
16,8,rank,6,0.3766057066724351,0.22566283512627958,0.6493922580782616,600
16,9,rank,5,0.10451818392717055,0.049482704585279,0.9185618107315061,600
17,2,rank,12,0.8232370974101175,0.37591877386038736,0.2782428129775194,600
17,3,rank,11,0.9940105259338985,0.37650101709979883,0.3804193761407471,600
17,4,rank,10,0.9134105370546661,0.07535283717535442,0.11757471290198038,600
17,5,rank,9,0.22094185678195943,0.44345741667052807,0.8775366098825195,600
17,7,rank,8,0.47787273608492487,0.8682587891378064,0.9935758029576723,600
17,8,rank,7,0.328217190127415,0.7620270533907734,0.98719917780917,600
17,9,rank,6,0.056595160805322356,0.5869683935368453,0.9775589403145382,600
17,10,rank,5,0.20016370018423368,0.5773715547533482,0.9837021319887442,600
18,5,rank,9,0.6294019929070229,0.5152803226422114,0.17586304941747835,600
18,6,rank,8,0.8632658600782761,0.9959542325979036,0.9992843156998632,600
18,7,rank,7,0.6161257297577616,0.07888679399523414,0.40184047642091997,600
18,8,rank,6,0.06841757964089389,0.6506977713149098,0.9965528030474342,600
18,9,rank,5,0.049736532314867646,0.6037536769674159,0.9990092277415503,600
19,1,rank,13,0.7830773975465435,0.46643499860969667,0.2839587963530369,600
19,2,rank,12,0.7284901919298793,0.8390854212320706,0.59810425646791,600
19,3,rank,11,0.874861012654746,0.21624435050105767,0.16556906298314045,600
19,4,rank,10,0.7850384709669729,0.31826746291664326,0.46732853351401615,600
19,6,rank,9,0.6756128269510161,0.39058399796076204,0.5856491098057194,600
19,7,rank,8,0.7452650428024894,0.6092794262027529,0.5944972239042352,600
19,8,rank,7,0.8533015533869606,0.1341447998039167,0.2294943162466232,600
19,9,rank,6,0.2771269359441242,0.7437167534552602,0.8416851615729775,600
19,10,rank,5,0.2884964665065759,0.09295163020150074,0.7115035334934243,600
20,2,rank,12,0.8204371387553169,0.9830139626511372,0.9669203873576175,600
20,3,rank,11,0.8670383789417531,0.33360550194277494,0.28128417536775857,600
20,4,rank,10,0.868826294650834,0.961223117517169,0.9892736617242157,600
20,5,rank,9,0.5572091587665875,0.8621659185994568,0.9773213243500821,600
20,6,rank,8,0.46393452187151185,0.8316792810429021,0.9941544181756238,600
20,7,rank,7,0.1774232166210613,0.5528777540914833,0.9286021566739806,600
20,9,rank,4,0.5341264735212135,0.5353210246047015,0.9999999999999999,600
21,4,rank,10,0.9267107643542738,0.12118270130486164,0.082026539343765,600
21,6,rank,9,0.9344023719887593,0.0680941666440763,0.09833082643378374,600
21,7,rank,8,0.038829865257604054,0.5704513110492165,0.993783172405819,600
21,8,rank,7,0.7296646233383601,0.11257637605394959,0.3006489152331083,600
22,2,rank,12,0.9187210646395263,0.13176796860997958,0.061288923749700935,600
22,3,rank,11,0.8679267997475237,0.15530663737859027,0.18095720498532344,600
22,4,rank,10,0.8029175492692454,0.2594471036901942,0.3718079165170216,600
22,6,rank,9,0.8613545063025019,0.05393631858808867,0.16181537987655054,600
22,8,rank,6,0.07921030854832273,0.5492047159788158,0.9884004856160166,600
23,2,rank,13,0.8511665200376947,0.323420745798169,0.19627791347851836,600
23,3,rank,12,0.9223195925848402,0.09715556532350841,0.1351735428010244,600
23,6,rank,9,0.8615457804650763,0.056409356307941805,0.17724162591356374,600
23,7,rank,8,0.7345369633884503,0.8584017820989268,0.9635163980918853,600
23,8,rank,7,0.47510057918899834,0.34457485142600003,0.7935695888728019,600
23,9,rank,6,0.150882846134701,0.9171170086260856,0.9971994754149824,600
23,10,rank,5,0.2303199796308744,0.4197453881067546,0.9999999999999998,600
24,2,rank,12,0.8696429232397687,0.3963028755681849,0.3265071300833017,600
24,3,rank,11,0.982102626547301,0.991022824256095,0.9935557719493291,600
24,4,rank,10,0.9055844020188084,0.1127267622865212,0.1837829268005316,600
24,5,rank,9,0.6103590085579139,0.8192991916348304,0.9642887508092906,600
24,6,rank,8,0.2539302917208264,0.5952821830236878,0.9314637788582456,600
24,8,rank,5,0.21674736417483043,0.060195097703723145,0.7866750672221696,600
24,9,rank,4,0.0017701283710492798,0.1586274208145646,0.9993625666425632,600
25,4,rank,11,0.6174319018412666,0.794636537881527,0.47753644717592847,600
25,5,rank,10,0.8504001074425838,0.2975401186922522,0.37071737781177116,600
25,6,rank,9,0.8910594146939752,0.05630985493229525,0.12107492142351514,600
25,8,rank,6,0.24693946958378776,0.5685970143445944,0.9922059120975885,600
25,9,rank,5,0.017966690689086833,0.32229174512973946,0.9978494714435535,600
27,1,rank,13,0.7942722095090384,0.9889281534154587,0.9600130751400533,600
27,2,rank,12,0.9283289760318774,0.9818614922539892,0.9879115875540913,600
27,3,rank,11,0.7273303896004275,0.7995626921231189,0.9194803855159408,600
27,4,rank,10,0.40037612892381474,0.6036686292414255,0.7897704961565224,600
27,6,rank,9,0.46745793407735303,0.5788392809203822,0.8586366469492793,600
28,4,percent,10,0.9203637102810763,0.12336396007026883,0.08743635933020327,600
28,6,percent,9,0.5996799172962438,0.42393496520847335,0.6719836811473856,600
28,7,percent,8,0.7518884810007114,0.8101450181845782,0.7517043754703968,600
28,8,percent,7,0.8639337069086115,0.5079082714391,0.5886103076874631,600
28,9,percent,6,0.811385654275015,0.15626703027997232,0.21782820233493705,600
28,10,percent,5,0.7937576925575225,0.09197608746014216,0.2751398216143398,600
29,2,percent,15,0.8085177709540742,0.31407867304362486,0.13383205095907905,600
29,3,percent,14,0.6469367106494395,0.44019343232919594,0.08993973399233018,600
29,4,percent,13,0.9744411962654173,0.32789150743755546,0.33741707993077974,600
29,5,percent,12,0.9333095614693347,0.6819019860254782,0.6803632716513899,600
29,6,percent,11,0.885797336398551,0.9401670893144969,0.9459916697265373,600
29,8,percent,8,0.7669850925461535,0.8129139139312105,0.9705928930623926,600
29,9,percent,7,0.8489468760792978,0.9180229741948374,0.9384570758220476,600
30,2,percent,15,0.9301450184196224,0.09740575764797918,0.03874824150882855,600
30,3,percent,14,0.5686382519209379,0.7862188963021582,0.9373555800747548,600
30,5,percent,11,0.6441340462621779,0.832627464836579,0.9171034009677247,600
30,6,percent,10,0.9241040680304653,0.11244303601401831,0.16944554448204302,600
30,7,percent,9,0.8638407993241528,0.07926271436728367,0.195031851130289,600
31,1,percent,16,0.8254320493388969,0.9999999999999999,0.9883977103932049,600
31,2,percent,15,0.8000500539666322,0.34704014729668,0.16496997940874245,600
31,3,percent,14,0.8940092993248729,0.9942325553019818,0.9906761576881837,600
31,4,percent,13,0.9320496815951673,0.06315614124205318,0.09594349092375465,600
31,6,percent,10,0.8562949916741476,0.9454323043813316,0.9423786729079014,600
31,7,percent,9,0.767278031739776,0.9363344343460395,0.9434552371570978,600
32,1,percent,14,0.977637780188894,1.0,1.0,600
32,2,percent,13,0.6748956260014056,0.6646607368177437,0.3980182967240624,600
32,3,percent,12,0.6907514857424542,0.4607696438386729,0.16734737469001787,600
32,4,percent,11,0.7211549802698309,0.9835335400646691,0.9967456397049835,600
32,5,percent,10,0.7922327669717966,0.8266864087898995,0.9239065638523414,600
32,6,percent,9,0.5710769617854523,0.7260008400659722,0.9059111611143192,600
32,7,percent,8,0.6003037299028197,0.7745714882234098,0.8947461388205129,600
32,8,percent,7,0.8123208796875485,0.7249528330939261,0.8184515236857712,600
32,9,percent,6,0.747043509118611,0.2871742138831372,0.4221324928080678,600
33,4,percent,9,0.7337501379145976,0.6362078997521796,0.8846623511745512,600
33,5,percent,8,0.9163724836629311,0.9272830811565542,0.9518948916717284,600
33,6,percent,7,0.45155058975377305,0.6553921842818317,0.9341562940324599,600
33,7,percent,6,0.7548670939315645,0.15082976670190026,0.31261364680896075,600
34,3,percent,12,0.8956655100697156,0.9292344789871243,0.9470257414060916,600
34,4,percent,11,0.7983640523606435,0.7966178952670133,0.7055969201952231,600
34,6,percent,10,0.8224785577677692,0.7648289249821064,0.8182679481339903,600
34,7,percent,9,0.7436110898813817,0.45393664916041704,0.6380460010673412,600
34,8,percent,8,0.7455251331513626,0.4531910924436676,0.6038277647835356,600
34,9,percent,7,0.8147648669747241,0.0897269980175783,0.2323610748334406,600
34,10,percent,6,0.26920752077093024,0.5498699842785887,0.9274067257988517,600
