season,celebrity_name,week,mean_rank,p10,p90,alive_cnt,alive_rate,scheme
2,Jerry Rice,1,3.61,3.0,4.5,300,1.0,S1
2,Jerry Rice,2,3.08,2.5,4.0,300,1.0,S1
2,Jerry Rice,3,4.351666666666667,4.0,5.0,300,1.0,S1
2,Jerry Rice,4,3.3612040133779266,3.0,4.0,299,0.9966666666666667,S1
2,Jerry Rice,5,2.963210702341137,2.5,3.5,299,0.9966666666666667,S1
2,Jerry Rice,6,2.7253401360544216,2.5,3.25,294,0.98,S1
2,Jerry Rice,7,2.6725978647686834,2.5,3.0,281,0.9366666666666666,S1
2,Jerry Rice,8,2.039473684210526,2.0,2.0,38,0.12666666666666668,S1
2,Jerry Rice,1,3.6483333333333334,3.0,5.0,300,1.0,S2
2,Jerry Rice,2,3.0733333333333333,2.5,4.0,300,1.0,S2
2,Jerry Rice,3,4.325,4.0,5.0,300,1.0,S2
2,Jerry Rice,4,3.335570469798658,3.0,4.0,298,0.9933333333333333,S2
2,Jerry Rice,5,2.959731543624161,2.5,3.5,298,0.9933333333333333,S2
2,Jerry Rice,6,2.7295221843003414,2.5,3.0,293,0.9766666666666667,S2
2,Jerry Rice,7,2.6563636363636363,2.5,3.0,275,0.9166666666666666,S2
2,Jerry Rice,8,2.0303030303030303,2.0,2.0,33,0.11,S2
2,Jerry Rice,1,3.655,3.0,5.0,300,1.0,S3
2,Jerry Rice,2,3.0933333333333333,2.5,4.0,300,1.0,S3
2,Jerry Rice,3,4.36,4.0,5.0,300,1.0,S3
2,Jerry Rice,4,3.335570469798658,3.0,4.0,298,0.9933333333333333,S3
2,Jerry Rice,5,3.2705479452054793,2.5,4.0,292,0.9733333333333334,S3
2,Jerry Rice,6,2.8339483394833946,2.5,3.25,271,0.9033333333333333,S3
2,Jerry Rice,7,2.6173076923076923,2.5,3.0,260,0.8666666666666667,S3
2,Jerry Rice,8,1.886100386100386,1.5,2.0,259,0.8633333333333333,S3
4,Billy Ray Cyrus,1,7.496666666666667,6.5,9.0,300,1.0,S1
4,Billy Ray Cyrus,2,5.445852534562212,4.0,6.5,217,0.7233333333333334,S1
4,Billy Ray Cyrus,3,5.138248847926267,4.0,6.25,217,0.7233333333333334,S1
4,Billy Ray Cyrus,4,4.777906976744186,3.75,5.75,215,0.7166666666666667,S1
4,Billy Ray Cyrus,5,4.976415094339623,4.0,6.0,212,0.7066666666666667,S1
4,Billy Ray Cyrus,6,4.353070175438597,3.5,5.425000000000001,114,0.38,S1
4,Billy Ray Cyrus,7,3.810344827586207,3.0,4.5,29,0.09666666666666666,S1
4,Billy Ray Cyrus,8,3.25,2.75,3.5,6,0.02,S1
4,Billy Ray Cyrus,1,7.501666666666667,6.5,9.0,300,1.0,S2
4,Billy Ray Cyrus,2,5.467045454545454,4.0,7.0,220,0.7333333333333333,S2
4,Billy Ray Cyrus,3,5.077272727272727,4.0,6.25,220,0.7333333333333333,S2
4,Billy Ray Cyrus,4,4.865825688073395,3.9250000000000007,6.0,218,0.7266666666666667,S2
4,Billy Ray Cyrus,5,4.986046511627907,4.0,6.0,215,0.7166666666666667,S2
4,Billy Ray Cyrus,6,4.3568376068376065,3.5,5.25,117,0.39,S2
4,Billy Ray Cyrus,7,3.828125,3.0,4.5,32,0.10666666666666667,S2
4,Billy Ray Cyrus,8,3.2142857142857144,2.8,3.5,7,0.023333333333333334,S2
4,Billy Ray Cyrus,1,7.506666666666667,6.5,9.0,300,1.0,S3
4,Billy Ray Cyrus,2,5.476027397260274,4.0,6.75,292,0.9733333333333334,S3
4,Billy Ray Cyrus,3,5.165239726027397,4.0,6.5,292,0.9733333333333334,S3
4,Billy Ray Cyrus,4,4.667808219178082,3.5,5.75,292,0.9733333333333334,S3
4,Billy Ray Cyrus,5,5.083904109589041,4.0,6.5,292,0.9733333333333334,S3
4,Billy Ray Cyrus,6,4.114,3.0,5.0,250,0.8333333333333334,S3
4,Billy Ray Cyrus,7,3.8515625,3.5,4.5,192,0.64,S3
4,Billy Ray Cyrus,8,2.9705882352941178,2.5,3.5,102,0.34,S3
4,Billy Ray Cyrus,9,2.3580246913580245,2.0,2.5,81,0.27,S3
11,Bristol Palin,1,4.865,4.25,5.75,300,1.0,S1
11,Bristol Palin,2,3.12,2.25,4.25,300,1.0,S1
11,Bristol Palin,3,5.631666666666667,5.0,6.5,300,1.0,S1
11,Bristol Palin,4,5.115384615384615,4.5,6.0,299,0.9966666666666667,S1
11,Bristol Palin,5,5.0339721254355405,4.5,6.0,287,0.9566666666666667,S1
11,Bristol Palin,6,3.995,3.0,5.0,200,0.6666666666666666,S1
11,Bristol Palin,7,3.383977900552486,3.0,4.0,181,0.6033333333333334,S1
11,Bristol Palin,8,3.2857142857142856,3.0,4.0,168,0.56,S1
11,Bristol Palin,9,2.6,2.5,3.0,20,0.06666666666666667,S1
11,Bristol Palin,10,2.0,2.0,2.0,3,0.01,S1
11,Bristol Palin,1,4.863333333333333,4.25,5.75,300,1.0,S2
11,Bristol Palin,2,3.125,2.25,4.25,300,1.0,S2
11,Bristol Palin,3,5.586666666666667,5.0,6.5,300,1.0,S2
11,Bristol Palin,4,5.096989966555184,4.5,6.0,299,0.9966666666666667,S2
11,Bristol Palin,5,5.042982456140351,4.5,6.0,285,0.95,S2
11,Bristol Palin,6,3.9775,3.450000000000001,5.0,200,0.6666666666666666,S2
11,Bristol Palin,7,3.3954802259887007,3.0,4.0,177,0.59,S2
11,Bristol Palin,8,3.3098159509202456,3.0,4.0,163,0.5433333333333333,S2
11,Bristol Palin,9,2.588235294117647,2.5,3.0,17,0.056666666666666664,S2
11,Bristol Palin,10,2.0,2.0,2.0,17,0.056666666666666664,S2
11,Bristol Palin,1,4.78,4.25,5.75,300,1.0,S3
11,Bristol Palin,2,3.1433333333333335,2.25,4.25,300,1.0,S3
11,Bristol Palin,3,5.556666666666667,5.0,6.5,300,1.0,S3
11,Bristol Palin,4,5.131666666666667,4.5,6.0,300,1.0,S3
11,Bristol Palin,5,4.975506756756757,4.25,5.75,296,0.9866666666666667,S3
11,Bristol Palin,6,4.075,3.5,5.0,280,0.9333333333333333,S3
11,Bristol Palin,7,3.3641975308641974,3.0,4.0,243,0.81,S3
11,Bristol Palin,8,3.2933333333333334,3.0,4.0,225,0.75,S3
11,Bristol Palin,9,2.5739795918367347,2.0,3.0,196,0.6533333333333333,S3
11,Bristol Palin,10,2.007978723404255,2.0,2.0,188,0.6266666666666667,S3
27,Bobby Bones,1,5.166666666666667,3.5,6.550000000000011,300,1.0,S1
27,Bobby Bones,2,6.975,5.5,8.5,300,1.0,S1
27,Bobby Bones,3,6.095155709342561,4.5,8.0,289,0.9633333333333334,S1
27,Bobby Bones,4,6.6649122807017545,5.5,8.0,285,0.95,S1
27,Bobby Bones,5,5.811728395061729,5.0,7.0,162,0.54,S1
27,Bobby Bones,6,5.178571428571429,4.5,6.5,112,0.37333333333333335,S1
27,Bobby Bones,7,4.048611111111111,3.25,5.25,72,0.24,S1
27,Bobby Bones,8,4.138888888888889,3.5,5.0,72,0.24,S1
27,Bobby Bones,9,3.033333333333333,2.5,3.5,15,0.05,S1
27,Bobby Bones,1,5.145,3.5,6.550000000000011,300,1.0,S2
27,Bobby Bones,2,6.956666666666667,5.5,8.5,300,1.0,S2
27,Bobby Bones,3,6.054794520547945,4.5,7.5,292,0.9733333333333334,S2
27,Bobby Bones,4,6.690311418685121,5.5,8.0,289,0.9633333333333334,S2
27,Bobby Bones,5,5.8562874251497,5.0,7.0,167,0.5566666666666666,S2
27,Bobby Bones,6,5.163793103448276,4.5,6.0,116,0.38666666666666666,S2
27,Bobby Bones,7,4.029220779220779,3.25,5.25,77,0.25666666666666665,S2
27,Bobby Bones,8,4.1118421052631575,3.5,5.0,76,0.25333333333333335,S2
27,Bobby Bones,9,3.0,2.5,3.5,19,0.06333333333333334,S2
27,Bobby Bones,1,5.068333333333333,3.5,6.550000000000011,300,1.0,S3
27,Bobby Bones,2,6.89,5.5,8.5,300,1.0,S3
27,Bobby Bones,3,6.201048951048951,4.5,7.75,286,0.9533333333333334,S3
27,Bobby Bones,4,6.578671328671328,5.0,8.0,286,0.9533333333333334,S3
27,Bobby Bones,5,5.912162162162162,5.0,7.5,222,0.74,S3
27,Bobby Bones,6,5.10126582278481,4.25,6.075000000000003,158,0.5266666666666666,S3
27,Bobby Bones,7,3.9760273972602738,3.25,5.25,146,0.4866666666666667,S3
27,Bobby Bones,8,4.213178294573644,3.5,5.0,129,0.43,S3
27,Bobby Bones,9,3.0824468085106385,2.5,3.5,94,0.31333333333333335,S3
27,Tinashe,1,6.75,5.75,7.25,300,1.0,S1
27,Tinashe,2,6.39,5.0,7.0,300,1.0,S1
27,Tinashe,3,6.079166666666667,4.5,7.0,300,1.0,S1
27,Tinashe,4,5.576666666666667,4.75,6.25,300,1.0,S1
27,Tinashe,5,5.8966666666666665,4.75,6.75,300,1.0,S1
27,Tinashe,6,5.881666666666667,4.75,6.75,300,1.0,S1
27,Tinashe,7,6.010380622837371,5.0,7.0,289,0.9633333333333334,S1
27,Tinashe,8,5.413533834586466,5.0,6.0,133,0.44333333333333336,S1
27,Tinashe,9,4.71875,4.0,5.0,16,0.05333333333333334,S1
27,Tinashe,1,6.773333333333333,5.75,7.25,300,1.0,S2
27,Tinashe,2,6.483333333333333,5.5,7.0,300,1.0,S2
27,Tinashe,3,6.030833333333334,4.5,7.0,300,1.0,S2
27,Tinashe,4,5.595,4.75,6.25,300,1.0,S2
27,Tinashe,5,5.91,4.75,6.75,300,1.0,S2
27,Tinashe,6,5.8966666666666665,4.75,6.75,300,1.0,S2
27,Tinashe,7,6.02280701754386,5.0,7.0,285,0.95,S2
27,Tinashe,8,5.418439716312057,5.0,6.0,141,0.47,S2
27,Tinashe,9,4.5625,4.0,5.0,24,0.08,S2
27,Tinashe,1,6.761666666666667,5.75,7.25,300,1.0,S3
27,Tinashe,2,6.491666666666666,5.5,7.0,300,1.0,S3
27,Tinashe,3,6.13,4.5,7.0,300,1.0,S3
27,Tinashe,4,5.63,4.75,6.25,300,1.0,S3
27,Tinashe,5,6.036666666666667,4.75,6.75,300,1.0,S3
27,Tinashe,6,5.865,4.75,6.75,300,1.0,S3
27,Tinashe,7,6.062937062937063,5.0,6.5,143,0.4766666666666667,S3
27,Tinashe,8,5.28125,4.5,6.0,16,0.05333333333333334,S3
27,Tinashe,9,4.5,4.5,4.5,1,0.0033333333333333335,S3
31,Vinny Guadagnino,1,10.736666666666666,8.5,13.0,300,1.0,S1
31,Vinny Guadagnino,2,7.521186440677966,5.25,9.75,295,0.9833333333333333,S1
31,Vinny Guadagnino,3,9.382203389830508,7.5,11.5,295,0.9833333333333333,S1
31,Vinny Guadagnino,4,7.5354671280276815,5.25,9.75,289,0.9633333333333334,S1
31,Vinny Guadagnino,5,8.34201388888889,6.5,10.5,288,0.96,S1
31,Vinny Guadagnino,6,7.820627802690583,6.0,9.5,223,0.7433333333333333,S1
31,Vinny Guadagnino,7,7.36,5.5,9.5,150,0.5,S1
31,Vinny Guadagnino,8,6.621951219512195,5.0,8.5,82,0.2733333333333333,S1
31,Vinny Guadagnino,9,6.1395348837209305,4.6,7.5,43,0.14333333333333334,S1
31,Vinny Guadagnino,10,5.2894736842105265,4.0,7.0,19,0.06333333333333334,S1
31,Vinny Guadagnino,1,10.54,8.5,12.5,300,1.0,S2
31,Vinny Guadagnino,2,7.485593220338983,5.25,9.75,295,0.9833333333333333,S2
31,Vinny Guadagnino,3,9.417796610169491,7.75,11.5,295,0.9833333333333333,S2
31,Vinny Guadagnino,4,7.532986111111111,5.25,9.75,288,0.96,S2
31,Vinny Guadagnino,5,8.404929577464788,6.5,10.5,284,0.9466666666666667,S2
31,Vinny Guadagnino,6,7.918552036199095,6.0,10.0,221,0.7366666666666667,S2
31,Vinny Guadagnino,7,7.3068965517241375,5.5,9.5,145,0.48333333333333334,S2
31,Vinny Guadagnino,8,6.613095238095238,5.15,8.5,84,0.28,S2
31,Vinny Guadagnino,9,5.989130434782608,4.75,7.5,46,0.15333333333333332,S2
31,Vinny Guadagnino,10,5.375,4.0,7.0,36,0.12,S2
31,Vinny Guadagnino,1,10.523333333333333,8.5,12.5,300,1.0,S3
31,Vinny Guadagnino,2,7.358333333333333,5.25,9.75,300,1.0,S3
31,Vinny Guadagnino,3,9.388333333333334,7.5,11.5,300,1.0,S3
31,Vinny Guadagnino,4,7.475,5.25,9.75,300,1.0,S3
31,Vinny Guadagnino,5,8.36,6.5,10.5,300,1.0,S3
31,Vinny Guadagnino,6,7.801339285714286,6.0,9.5,224,0.7466666666666667,S3
31,Vinny Guadagnino,7,7.270642201834862,5.5,9.0,218,0.7266666666666667,S3
31,Vinny Guadagnino,8,6.6692307692307695,5.0,8.5,195,0.65,S3
31,Vinny Guadagnino,9,5.865771812080537,4.5,7.0,149,0.49666666666666665,S3
31,Vinny Guadagnino,10,5.0394736842105265,4.0,6.5,114,0.38,S3
