trait,outcome,r,p,n
H_abil,fan_final,-0.09424924396845533,0.3251503430201085,111
H_abil,fan_w1,0.11270237745098273,0.025655905152887546,392
H_abil,fan_w6,-0.017153728618329818,0.8227550519631731,173
H_abil,judge_w1,0.020055108222353304,0.6922210975181817,392
H_abil,judge_w11,0.10775268315194474,0.03294158236471158,392
H_abil,judge_w6,0.11242366886498743,0.026025735122347144,392
H_exp,fan_final,-0.03347333530837162,0.7272626841316577,111
H_exp,fan_w1,0.04654113670171928,0.3580835892810682,392
H_exp,fan_w6,-0.012226723257353456,0.8731508457852741,173
H_exp,judge_w1,0.13395493662621097,0.007914828914015917,392
H_exp,judge_w11,0.12613247500596694,0.012443545533584193,392
H_exp,judge_w6,0.10664480814240218,0.034794722442206875,392
