season,mechanism,x_point,x_posterior_mean,x_ci_lo_10,x_ci_hi_10,y_point,y_posterior_mean,y_ci_lo_10,y_ci_hi_10,y_review_point,y_review_posterior_mean,y_review_ci_lo_10,y_review_ci_hi_10,n_weeks,n_eligible_weeks,B
1,rank_direct,0.1711437226561294,0.18500262473442666,0.16066717548461276,0.21043475706361772,-1.0416666666666665,-0.8672916666666667,-1.0416666666666665,-0.625,0.0,0.44333333333333336,0.0,0.6666666666666667,5,3,600
1,rank_bottom2,0.17469444600221937,0.18613762433584738,0.1609730265194777,0.211214341938414,-0.9583333333333333,-0.8339583333333334,-1.0416666666666665,-0.625,0.6666666666666667,0.6372222222222224,0.6666666666666667,0.6666666666666667,5,3,600
1,pct_direct,0.1711437226561294,0.1833608632842543,0.15589078478388887,0.20850624043221128,-1.0416666666666665,-0.8927083333333333,-1.0416666666666665,-0.7083333333333333,0.0,0.11000000000000003,-0.33333333333333326,0.33333333333333337,5,3,600
1,pct_bottom2,0.1732472931104809,0.18431324511861244,0.1592260218801244,0.20850624043221128,-1.0416666666666665,-0.8953472222222221,-1.125,-0.7083333333333333,0.33333333333333337,0.2472222222222223,0.0,0.33333333333333337,5,3,600
2,rank_direct,0.11657048133885378,0.134632684593525,0.11641949465268106,0.1531012084417479,-1.5,-1.467532051282051,-1.7884615384615383,-1.1538461538461537,0.4,0.10233333333333335,-0.3999999999999999,0.6,8,7,600
2,rank_bottom2,0.11760826391228833,0.13328405827850678,0.1149958777434347,0.15129962004964959,-1.326923076923077,-1.411826923076923,-1.7307692307692308,-1.0961538461538463,0.4,0.2473333333333333,0.0,0.4,8,7,600
2,pct_direct,0.11599547478653956,0.13302224984491084,0.11298752033468289,0.1514448654334889,-1.5,-1.4392307692307693,-1.7894230769230768,-1.1153846153846154,0.0,-0.20666666666666667,-0.8099999999999995,0.4,8,7,600
2,pct_bottom2,0.11760826391228833,0.13499066696677206,0.11665689543564611,0.15408760520393786,-1.326923076923077,-1.433301282051282,-1.7692307692307692,-1.1153846153846154,0.4,0.09733333333333334,-0.3999999999999999,0.6,8,7,600
3,rank_direct,0.08083148931651074,0.10583774571664326,0.09371156716123547,0.11871586926797509,-1.0,-1.0880246008471814,-1.4193548387096775,-0.8225806451612903,-0.18181818181818188,-0.3427272727272727,-1.0045454545454542,0.0,9,6,600
3,rank_bottom2,0.08454819610854668,0.10661401907339205,0.0940376261225408,0.11913139061627948,-0.8181818181818181,-1.0286526555881395,-1.370967741935484,-0.7258064516129032,-0.4545454545454546,-0.5974242424242424,-1.4545454545454546,-0.18181818181818188,9,6,600
3,pct_direct,0.08083148931651074,0.10447909747623399,0.09011109529702405,0.11809038263416162,-1.0,-1.1078722710980775,-1.4516129032258065,-0.8387096774193548,-0.18181818181818188,-0.38469696969696965,-1.272727272727273,0.0,9,6,600
3,pct_bottom2,0.08083148931651074,0.10537765455632467,0.09199320977107626,0.1184804634395609,-1.0,-1.098685239491691,-1.4516129032258065,-0.8379032258064523,-0.18181818181818188,-0.3353030303030303,-1.0909090909090908,0.0,9,6,600
4,rank_direct,0.08741764283986478,0.10736768598229807,0.09633608096510292,0.11781619718398005,-0.7027027027027026,-0.7720495495495495,-1.0675675675675675,-0.5,0.09090909090909094,0.06454545454545456,-0.4545454545454546,0.6363636363636364,10,8,600
4,rank_bottom2,0.08847703075627121,0.10807622291705508,0.09791073714627006,0.11824970000754272,-0.5675675675675675,-0.7568468468468469,-1.0141891891891892,-0.5,0.6363636363636364,0.3136363636363636,-0.09090909090909083,0.6363636363636364,10,8,600
4,pct_direct,0.08796671776554196,0.10690213157686063,0.09568917743937488,0.11770067733697738,-0.6486486486486487,-0.7752027027027028,-1.054054054054054,-0.5135135135135136,0.2727272727272727,0.004545454545454569,-0.6363636363636365,0.4545454545454546,10,8,600
4,pct_bottom2,0.08847703075627121,0.1076826190975668,0.09684600446308998,0.11790369400893644,-0.5675675675675675,-0.7667342342342341,-1.054054054054054,-0.5,0.6363636363636364,0.19878787878787876,-0.2727272727272727,0.6363636363636364,10,8,600
5,rank_direct,0.09080520622625328,0.10968204877259434,0.09597439367509784,0.12198412147575796,-0.9866666666666666,-1.2550444444444444,-1.6006666666666667,-0.96,0.33333333333333337,0.017777777777777778,-0.6666666666666667,0.5,10,9,600
5,rank_bottom2,0.09080520622625328,0.11053778870628184,0.09822757105109603,0.12270313269953277,-0.9866666666666666,-1.210688888888889,-1.5333333333333332,-0.9333333333333333,0.33333333333333337,0.14194444444444443,-0.33333333333333326,0.33333333333333337,10,9,600
5,pct_direct,0.09090236759211745,0.10839936486463496,0.09452590735429431,0.1215652861592278,-1.04,-1.2733777777777777,-1.6266666666666665,-0.96,0.6666666666666667,0.01583333333333333,-0.8333333333333333,0.5,10,9,600
5,pct_bottom2,0.09080520622625328,0.10955616327481389,0.09557667446702968,0.12215795207958097,-0.9866666666666666,-1.2532,-1.6406666666666667,-0.9466666666666668,0.33333333333333337,0.08583333333333333,-0.5083333333333329,0.5,10,9,600
6,rank_direct,0.09385784256339952,0.11098270538767463,0.0996351880412361,0.12194293846334082,-1.25,-1.2455263157894736,-1.513157894736842,-0.9605263157894737,0.5833333333333333,0.16416666666666666,-0.25,0.5833333333333333,10,7,600
6,rank_bottom2,0.09385784256339952,0.11182997897172245,0.10041103570384986,0.12298365605578973,-1.25,-1.2176315789473684,-1.5,-0.9342105263157894,0.5833333333333333,0.11583333333333333,-0.25,0.5833333333333333,10,7,600
6,pct_direct,0.09408946616676482,0.11055625866946468,0.09846214701189566,0.12207063782280239,-1.25,-1.2415570175438597,-1.526315789473684,-0.9342105263157894,0.75,0.11888888888888888,-0.41666666666666674,0.75,10,7,600
6,pct_bottom2,0.09385784256339952,0.11114832640586568,0.09951254916797435,0.12230546411882921,-1.25,-1.2359649122807017,-1.513157894736842,-0.9342105263157894,0.5833333333333333,0.16027777777777777,-0.25,0.5833333333333333,10,7,600
7,rank_direct,0.09466621153194817,0.11286248443319233,0.10215441536165684,0.12300186271363182,-0.9066666666666667,-0.9828000000000001,-1.2533333333333334,-0.72,0.3846153846153846,0.062307692307692265,-0.23076923076923084,0.3846153846153846,10,6,600
7,rank_bottom2,0.09532384526673802,0.11363764030605994,0.10338675835947496,0.12378709904588406,-0.8933333333333333,-0.9667111111111111,-1.2266666666666666,-0.7066666666666668,0.07692307692307687,0.0012820512820512575,-0.23076923076923084,0.07692307692307687,10,6,600
7,pct_direct,0.09466621153194817,0.11211460437459603,0.10059769649139128,0.12258321751647512,-0.9066666666666667,-0.9906444444444447,-1.2533333333333334,-0.7333333333333334,0.3846153846153846,0.06076923076923073,-0.3846153846153846,0.3846153846153846,10,6,600
7,pct_bottom2,0.09466621153194817,0.11275450706535409,0.10216584363135695,0.12302339795575079,-0.9066666666666667,-0.9880222222222221,-1.2400000000000002,-0.72,0.3846153846153846,0.08051282051282047,-0.3846153846153846,0.3846153846153846,10,6,600
8,rank_direct,0.07665730319410906,0.09779556477508367,0.08786648377416238,0.10694746516825301,-1.0659340659340661,-1.272851909994767,-1.593956043956044,-1.0096938775510207,-0.3846153846153846,-0.30025641025641026,-0.6923076923076923,0.07692307692307687,11,8,600
8,rank_bottom2,0.07648693452291946,0.09874854823796428,0.0886273431346315,0.10736106760015163,-1.0439560439560438,-1.231189167974882,-1.5510204081632653,-0.9591836734693877,-0.23076923076923084,-0.2551282051282051,-0.6923076923076923,0.07692307692307687,11,8,600
8,pct_direct,0.0803587316748488,0.09772450648878792,0.08756236656373928,0.10680692561202043,-0.9183673469387754,-1.2610361067503926,-1.6122448979591835,-0.9775902668759816,-0.07692307692307687,-0.2582051282051282,-0.6923076923076923,0.07692307692307687,11,8,600
8,pct_bottom2,0.0803587316748488,0.09859612130937255,0.08889712386340493,0.10729468495756678,-0.9183673469387754,-1.2448678702250133,-1.5821428571428573,-0.9591836734693877,-0.07692307692307687,-0.21012820512820513,-0.6923076923076923,0.07692307692307687,11,8,600
9,rank_direct,0.06337421506519662,0.08853675812345514,0.07910242678793865,0.09747127131100385,-2.467391304347826,-2.4084292574743915,-2.782608695652174,-2.0434782608695654,-0.0625,-0.15916666666666668,-0.8125,0.25,10,5,600
9,rank_bottom2,0.0657278933206861,0.08996978964114988,0.08094422030524628,0.09877456792001112,-2.2736842105263158,-2.361779899691885,-2.7373737373737375,-1.9784210526315793,0.25,0.0321875,-0.4375,0.25,10,5,600
9,pct_direct,0.06126427241128648,0.08757460497614027,0.07753500956065273,0.09719451851427185,-2.489130434782609,-2.404934214665563,-2.7577404479578393,-2.0652173913043477,0.1875,-0.13395833333333335,-0.8125,0.1875,10,5,600
9,pct_bottom2,0.06126427241128648,0.08895274394895995,0.07905821461719677,0.098306786246248,-2.489130434782609,-2.402033929524661,-2.76120992534036,-2.0090909090909097,0.1875,-0.078125,-0.625,0.25,10,5,600
10,rank_direct,0.0920648233572577,0.10987515154376591,0.09910115544833693,0.11956421073442232,-0.4864864864864864,-0.6873423423423424,-0.9466216216216217,-0.4054054054054055,0.8181818181818181,0.3278787878787878,-0.2727272727272727,0.8181818181818181,10,8,600
10,rank_bottom2,0.0920648233572577,0.11077755649741611,0.09966467771342973,0.12102057954918939,-0.4864864864864864,-0.6727252252252252,-0.9331081081081081,-0.3918918918918919,0.8181818181818181,0.6481818181818182,0.09090909090909094,0.8181818181818181,10,8,600
10,pct_direct,0.0918988877535039,0.10922121777187312,0.09780938573213187,0.11991739408168658,-0.4864864864864864,-0.689391891891892,-0.960135135135135,-0.4054054054054055,0.4545454545454546,0.2833333333333333,-0.2727272727272727,0.8181818181818181,10,8,600
10,pct_bottom2,0.0920648233572577,0.11011258129806137,0.09900488743376044,0.12048806190947055,-0.4864864864864864,-0.6846846846846847,-0.960135135135135,-0.3918918918918919,0.8181818181818181,0.49272727272727274,-0.09090909090909083,0.8181818181818181,10,8,600
11,rank_direct,0.10408474511789174,0.11791822834207641,0.10578391438295105,0.1298023042195735,-1.1866666666666665,-1.3959555555555554,-1.6666666666666665,-1.08,0.33333333333333337,0.012777777777777772,-0.5,0.33333333333333337,10,9,600
11,rank_bottom2,0.10562124877198116,0.11885149454942029,0.10684894455066342,0.1306175799202815,-1.1600000000000001,-1.3523777777777777,-1.6400000000000001,-1.04,0.5,0.16,-0.5,0.5,10,9,600
11,pct_direct,0.10408474511789174,0.11707568728396738,0.10367622963046012,0.129792788583775,-1.1866666666666665,-1.4096666666666666,-1.7200000000000002,-1.12,0.33333333333333337,-0.0825,-0.6666666666666667,0.33333333333333337,10,9,600
11,pct_bottom2,0.10408474511789174,0.11807043017738268,0.1052563104402483,0.13024784843796616,-1.1866666666666665,-1.4067777777777777,-1.7200000000000002,-1.1066666666666665,0.33333333333333337,0.05249999999999999,-0.5,0.5,10,9,600
12,rank_direct,0.09049789292334115,0.10879182160138304,0.09648028817449172,0.12132765802157705,-0.7567567567567568,-1.0306756756756756,-1.3513513513513513,-0.7297297297297298,0.6363636363636364,0.043636363636363654,-0.6363636363636365,0.6363636363636364,10,8,600
12,rank_bottom2,0.09150637478642969,0.1098799810679686,0.09897437134739202,0.12231012614589218,-0.6486486486486487,-1.0027702702702703,-1.3243243243243241,-0.7162162162162162,0.09090909090909094,0.05454545454545458,-0.2727272727272727,0.4545454545454546,10,8,600
12,pct_direct,0.09095498581672208,0.10833894000896588,0.09622971268532944,0.12186474947482803,-0.7837837837837838,-1.028581081081081,-1.3513513513513513,-0.7297297297297298,0.8181818181818181,-0.021515151515151494,-0.6363636363636365,0.4545454545454546,10,8,600
12,pct_bottom2,0.09049789292334115,0.10919591726753067,0.09815103918175724,0.12186474947482803,-0.7567567567567568,-1.0233333333333334,-1.3513513513513513,-0.7290540540540548,0.6363636363636364,0.029393939393939417,-0.4545454545454546,0.4545454545454546,10,8,600
13,rank_direct,0.08911099736570324,0.10756443085937903,0.09677473118902753,0.11878745401714946,-0.8266666666666667,-1.049977777777778,-1.3733333333333335,-0.7333333333333334,0.0,-0.22888888888888886,-1.0,0.33333333333333337,10,9,600
13,rank_bottom2,0.08939570633709151,0.1084197237167128,0.09810581792663,0.1188945036090805,-0.6799999999999999,-1.0152,-1.3333333333333335,-0.7060000000000007,-0.5,-0.2572222222222223,-0.6666666666666667,0.16666666666666663,10,9,600
13,pct_direct,0.08906846063507184,0.10684125215314069,0.09501215296596761,0.1183407729557716,-0.8266666666666667,-1.0539555555555558,-1.4,-0.7333333333333334,0.16666666666666663,-0.31083333333333335,-1.0,0.33333333333333337,10,9,600
13,pct_bottom2,0.08911099736570324,0.10773058477561805,0.09679800174797969,0.11871226167755408,-0.8266666666666667,-1.0416,-1.374,-0.72,0.0,-0.2702777777777778,-0.8333333333333333,0.33333333333333337,10,9,600
14,rank_direct,0.0767304674612928,0.09821270837246236,0.08888451443092929,0.1079279444349074,-1.024390243902439,-1.4713663353410942,-1.8095238095238093,-1.178179442508711,0.25,-0.31277777777777777,-0.8333333333333333,0.16666666666666663,10,7,600
14,rank_bottom2,0.07755029267177628,0.09979165716192394,0.09062563031266824,0.10893029402779425,-0.9285714285714286,-1.4116958039597007,-1.7561184939091916,-1.130952380952381,0.33333333333333337,0.019722222222222228,-0.5,0.33333333333333337,10,7,600
14,pct_direct,0.07413420313187351,0.09574479784620403,0.08554761761839563,0.10595079053806912,-1.0365853658536586,-1.4645891405342626,-1.7979819976771194,-1.1823170731707324,0.41666666666666663,-0.2125,-1.0,0.41666666666666663,10,7,600
14,pct_bottom2,0.0767304674612928,0.09804314692621517,0.08770083972241796,0.10844048199279789,-1.024390243902439,-1.4631946695297517,-1.8170731707317072,-1.1823170731707324,0.25,-0.2372222222222222,-0.9166666666666667,0.25,10,7,600
15,rank_direct,0.03539302923766379,0.0821326010318912,0.07180627978596052,0.09208822030513254,-1.4166666666666665,-1.6779859039981055,-2.0814922480620157,-1.3452380952380953,-0.46153846153846145,-0.5258974358974359,-1.0,-0.23076923076923084,10,4,600
15,rank_bottom2,0.03539302923766379,0.08239052089214177,0.0721421296473522,0.09203709368159271,-1.4166666666666665,-1.6669601143659538,-2.000581395348837,-1.3612306368330467,-0.46153846153846145,-0.5174358974358975,-1.0,-0.3846153846153846,10,4,600
15,pct_direct,0.03173736523693363,0.08088361410471992,0.06992802273630193,0.09081382992066578,-1.5180722891566263,-1.7462794274044646,-2.1205689424364125,-1.4045238095238097,0.07692307692307687,-0.27653846153846157,-1.0,0.23076923076923073,10,4,600
15,pct_bottom2,0.03539302923766379,0.08194719489258664,0.07142304951734847,0.09243418080283368,-1.4166666666666665,-1.6936798518617182,-2.0843373493975905,-1.375882352941177,-0.46153846153846145,-0.4891025641025642,-1.1538461538461537,0.07692307692307687,10,4,600
16,rank_direct,0.07928661622691932,0.09811475182311244,0.08863351714546171,0.107618154890955,-0.4285714285714286,-0.7799404761904762,-1.130952380952381,-0.48809523809523814,0.0,-0.1936111111111111,-0.6666666666666667,0.16666666666666663,10,8,600
16,rank_bottom2,0.07928661622691932,0.09907736498215239,0.09017694704714004,0.1081710067635365,-0.4285714285714286,-0.7587103174603175,-1.0833333333333335,-0.4642857142857142,0.0,-0.04791666666666668,-0.33333333333333326,0.16666666666666663,10,8,600
16,pct_direct,0.07928661622691932,0.09798510112003607,0.08812399588285542,0.10733890633794586,-0.4285714285714286,-0.7805753968253969,-1.1547619047619047,-0.48809523809523814,0.0,-0.22027777777777782,-0.8333333333333333,0.16666666666666663,10,8,600
16,pct_bottom2,0.07928661622691932,0.09862187059851858,0.08928305792241896,0.10786014183066854,-0.4285714285714286,-0.7729563492063491,-1.119047619047619,-0.4875000000000006,0.0,-0.1376388888888889,-0.5,0.16666666666666663,10,8,600
17,rank_direct,0.09167269688841692,0.10650444557906667,0.09718345004314259,0.11504460564931582,-1.6847826086956523,-1.688713768115942,-1.9891304347826089,-1.4125000000000005,-0.33333333333333326,-0.5111111111111111,-1.0,-0.16666666666666674,11,8,600
17,rank_bottom2,0.09263345369972663,0.10756410660889974,0.09898358148084603,0.11585972064511946,-1.652173913043478,-1.636231884057971,-1.9239130434782608,-1.358152173913044,-0.33333333333333326,-0.4047222222222221,-0.8333333333333333,-0.16666666666666674,11,8,600
17,pct_direct,0.09161510526662307,0.10595400877262956,0.09585226268785955,0.11476205547071079,-1.6956521739130435,-1.6876449275362317,-1.9679347826086957,-1.402173913043478,-0.33333333333333326,-0.5504166666666667,-1.1666666666666665,-0.16666666666666674,11,8,600
17,pct_bottom2,0.09161510526662307,0.10665818877661729,0.09668275224963226,0.11539889119657647,-1.6956521739130435,-1.6865217391304346,-1.9788043478260868,-1.402173913043478,-0.33333333333333326,-0.49083333333333334,-1.0,-0.16666666666666674,11,8,600
18,rank_direct,0.0837313141715291,0.10110729255327768,0.09064818420232142,0.11132938793444994,-1.763440860215054,-1.7479032258064515,-2.2698924731182797,-1.247311827956989,-0.5,-0.6772222222222222,-1.1666666666666665,-0.16666666666666674,9,5,600
18,rank_bottom2,0.08514137294779246,0.10288487219542317,0.09319711046155768,0.11205600036375407,-1.6989247311827955,-1.6923297491039424,-2.183333333333333,-1.2252688172043014,-0.33333333333333326,-0.3525,-0.6666666666666667,-0.16666666666666674,9,5,600
18,pct_direct,0.08514137294779246,0.10199540130968103,0.09102180903681507,0.11189050337207933,-1.6989247311827955,-1.720358422939068,-2.2801075268817206,-1.225806451612903,-0.33333333333333326,-0.4608333333333333,-1.1666666666666665,-0.158333333333341,9,5,600
18,pct_bottom2,0.08596549394377227,0.1027292816719382,0.09248664398031749,0.11207569952937474,-1.6344086021505375,-1.6981362007168457,-2.237096774193548,-1.2145161290322584,-0.33333333333333326,-0.353888888888889,-0.8333333333333333,0.0,9,5,600
19,rank_direct,0.0807175320757189,0.09788288435429988,0.0878818584243532,0.10722802268688145,-0.8297872340425532,-1.0829964539007093,-1.4154255319148934,-0.7760638297872345,0.07692307692307687,-0.3773076923076923,-1.0,0.23076923076923073,11,9,600
19,rank_bottom2,0.08059106736264532,0.0988628420098249,0.08974770283020517,0.10746044239562014,-0.7978723404255319,-1.0470035460992908,-1.3409574468085106,-0.7446808510638299,0.07692307692307687,-0.10948717948717951,-0.6923076923076923,0.23076923076923073,11,9,600
19,pct_direct,0.08062114541361219,0.09771526502454045,0.08652156983348237,0.10720152232001928,-0.8297872340425532,-1.0747340425531915,-1.4047872340425531,-0.7446808510638299,0.07692307692307687,-0.28089743589743593,-1.0,0.07692307692307687,11,9,600
19,pct_bottom2,0.08059106736264532,0.09837387831641996,0.08767381598352096,0.10743248192269232,-0.7978723404255319,-1.0610992907801418,-1.4042553191489362,-0.7446808510638299,0.07692307692307687,-0.14461538461538462,-0.6923076923076923,0.23076923076923073,11,9,600
20,rank_direct,0.08242902301603619,0.10169931825183023,0.09234030064080163,0.1109761434967695,-2.0121951219512195,-1.802015267536396,-2.073678861788618,-1.535119047619048,-0.8333333333333333,-0.21694444444444447,-0.8333333333333333,0.16666666666666663,10,7,600
20,rank_bottom2,0.08241631526975327,0.10165856541246354,0.09211174146759567,0.11131048343992664,-2.0365853658536586,-1.7461108635172733,-2.011904761904762,-1.4761904761904763,-0.6666666666666667,-0.24527777777777782,-0.8333333333333333,0.16666666666666663,10,7,600
20,pct_direct,0.07762959549462914,0.09862761239607436,0.08781828969213666,0.10930532700787464,-2.0853658536585367,-1.8220054200542006,-2.097560975609756,-1.5470673635307786,-0.33333333333333326,-0.36111111111111116,-1.0,0.0,10,7,600
20,pct_bottom2,0.07762959549462914,0.10032057392681702,0.08970568775399465,0.11040147394176732,-2.0853658536585367,-1.8096727934887322,-2.0859756097560975,-1.5238095238095237,-0.33333333333333326,-0.4302777777777778,-1.0875,0.0,10,7,600
21,rank_direct,0.05049599940965473,0.08521603401771358,0.07652218327928768,0.09370829303110462,-0.881720430107527,-1.2315441805378093,-1.5483870967741935,-0.946236559139785,-0.15384615384615374,-0.19512820512820508,-0.46153846153846145,0.15384615384615385,11,4,600
21,rank_bottom2,0.05049599940965473,0.08565898421518296,0.07676214546177401,0.09433827461818714,-0.881720430107527,-1.213683267308055,-1.515806451612903,-0.945766836445954,-0.15384615384615374,-0.18141025641025635,-0.3076923076923077,-0.07692307692307687,11,4,600
21,pct_direct,0.04605013486734969,0.0844443964983407,0.07581893139079687,0.09367602488470231,-0.989247311827957,-1.3085300886625164,-1.6129032258064515,-1.021505376344086,0.46153846153846156,0.188974358974359,-0.3846153846153846,0.46153846153846156,11,4,600
21,pct_bottom2,0.04605013486734969,0.08474036862539082,0.07581396381731753,0.09381684407116925,-0.989247311827957,-1.292093952317886,-1.6021505376344085,-1.010752688172043,0.46153846153846156,0.15384615384615385,-0.3846153846153846,0.46153846153846156,11,4,600
22,rank_direct,0.04534502388640717,0.08341726898137468,0.0733576159451774,0.09314358061091593,-1.2790697674418605,-1.4307763842679861,-1.788939808481532,-1.1293365253077976,0.25,0.05569444444444445,-0.33333333333333326,0.25,10,5,600
22,rank_bottom2,0.04534502388640717,0.08421600374253096,0.07431361296845378,0.09360985801688437,-1.2790697674418605,-1.4311592929983832,-1.7647058823529411,-1.13953488372093,0.25,0.1683333333333333,-0.16666666666666674,0.25,10,5,600
22,pct_direct,0.042174872631378174,0.0819627843208562,0.07153459875267097,0.09238148337715706,-1.3294117647058825,-1.4756850619740496,-1.8358823529411765,-1.1529411764705881,0.6666666666666667,0.21152777777777781,-0.5,0.6666666666666667,10,5,600
22,pct_bottom2,0.04534502388640717,0.08311807286170915,0.07319452645755567,0.09313742197169413,-1.2790697674418605,-1.4422452591982942,-1.7963794926004228,-1.1273939808481535,0.25,0.05847222222222222,-0.33333333333333326,0.6666666666666667,10,5,600
23,rank_direct,0.07740302199098713,0.09563894016872186,0.0864279510194934,0.10384041391078955,-1.2474226804123711,-1.3018991210679354,-1.6444934575733543,-1.0201030927835055,0.15384615384615385,-0.29499999999999993,-0.9230769230769231,0.15384615384615385,11,7,600
23,rank_bottom2,0.07511504018434514,0.09586746880453492,0.08700679374666509,0.10392850559419436,-1.2061855670103094,-1.2759336174993392,-1.6185567010309279,-1.0,0.0,-0.16435897435897434,-0.7692307692307692,0.15384615384615385,11,7,600
23,pct_direct,0.0756406436287663,0.0950550615496625,0.0852056784182217,0.10378630201057173,-1.2886597938144329,-1.3249301149881045,-1.6603092783505153,-1.0206185567010309,0.46153846153846156,-0.09269230769230767,-0.7692307692307692,0.3076923076923077,11,7,600
23,pct_bottom2,0.07717123022161246,0.0956087211020225,0.08654438428236268,0.10400979934071698,-1.2474226804123711,-1.3033397766323025,-1.6348433782712133,-1.0103092783505154,0.07692307692307687,-0.19499999999999998,-0.8461538461538463,0.3076923076923077,11,7,600
24,rank_direct,0.08234710330195572,0.1022302080905376,0.09266898674972088,0.11201981382182985,-1.54320987654321,-1.629187242798354,-1.9382716049382718,-1.3333333333333335,-0.25,-0.2022222222222222,-0.5833333333333333,0.08333333333333337,10,7,600
24,rank_bottom2,0.08195726476921385,0.10253828040037152,0.09310073774240239,0.11241029425523051,-1.54320987654321,-1.5974338624338624,-1.8932760141093474,-1.308641975308642,-0.08333333333333326,-0.17083333333333328,-0.5833333333333333,0.08333333333333337,10,7,600
24,pct_direct,0.0796808138427642,0.10044718903785435,0.08990249290773071,0.11116565625474793,-1.617283950617284,-1.644185038212816,-1.938888888888889,-1.3580246913580245,0.25,-0.08624999999999998,-0.75,0.25,10,7,600
24,pct_bottom2,0.08234710330195572,0.1020560894787053,0.09154515457080901,0.11212781413525233,-1.54320987654321,-1.6259619341563785,-1.940983245149912,-1.3333333333333335,-0.25,-0.2602777777777778,-0.75,0.08333333333333337,10,7,600
25,rank_direct,0.05942711334274328,0.08873722642187602,0.07979639359087314,0.09764754109270052,-1.2555555555555555,-1.4572066905615293,-1.7666666666666666,-1.1333333333333333,0.23076923076923073,0.14756410256410255,-0.23076923076923084,0.3846153846153846,10,5,600
25,rank_bottom2,0.05942711334274328,0.08915571259706954,0.08072476028063463,0.09802578130271346,-1.2555555555555555,-1.4454916367980886,-1.7555555555555555,-1.1333333333333333,0.23076923076923073,0.15346153846153845,-0.15384615384615374,0.23076923076923073,10,5,600
25,pct_direct,0.059713186964684806,0.08801579986340205,0.07805064068839299,0.09754567179128978,-1.2999999999999998,-1.4575842293906809,-1.7888888888888888,-1.1331182795698926,0.5384615384615384,0.040769230769230745,-0.6153846153846154,0.39230769230768525,10,5,600
25,pct_bottom2,0.05942711334274328,0.08850450144257767,0.0797850710950901,0.09781962709897975,-1.2555555555555555,-1.4529169653524492,-1.778333333333333,-1.1331182795698926,0.23076923076923073,0.09038461538461535,-0.3846153846153846,0.3846153846153846,10,5,600
26,rank_direct,0.03062819090030885,0.08559301712656428,0.06552468016605613,0.10614461740334995,-1.0,-1.2205555555555554,-1.740740740740741,-0.6296296296296295,0.4,0.4,0.4,0.4,4,0,600
26,rank_bottom2,0.03062819090030885,0.08559301712656428,0.06552468016605613,0.10614461740334995,-1.0,-1.2205555555555554,-1.740740740740741,-0.6296296296296295,0.4,0.4,0.4,0.4,4,0,600
26,pct_direct,0.03062819090030885,0.08559301712656428,0.06552468016605613,0.10614461740334995,-1.0,-1.2205555555555554,-1.740740740740741,-0.6296296296296295,0.4,0.4,0.4,0.4,4,0,600
26,pct_bottom2,0.03062819090030885,0.08559301712656428,0.06552468016605613,0.10614461740334995,-1.0,-1.2205555555555554,-1.740740740740741,-0.6296296296296295,0.4,0.4,0.4,0.4,4,0,600
27,rank_direct,0.04175465653026795,0.0806638567987423,0.07046592458560945,0.09028262390313944,-2.0714285714285716,-2.0645904553733394,-2.436090387374462,-1.7141135972461277,-0.46153846153846145,-0.7578205128205129,-1.4615384615384617,-0.15384615384615374,9,5,600
27,rank_bottom2,0.042524714194311926,0.08105492170556795,0.07161883533916363,0.0907174852361809,-2.0476190476190474,-1.9452798075024005,-2.3531512605042018,-1.5294117647058822,-0.6153846153846154,-0.743076923076923,-1.3846153846153846,-0.3076923076923077,9,5,600
27,pct_direct,0.03735570330749224,0.079649095742936,0.0688409868223764,0.08942046111497146,-2.207317073170732,-2.11684658702237,-2.548780487804878,-1.7342392827122448,-0.3846153846153846,-0.8475641025641025,-1.6923076923076925,-0.3076923076923077,9,5,600
27,pct_bottom2,0.03963421024267267,0.08028675064301151,0.0701790154269295,0.08954152959438474,-2.0833333333333335,-2.0740412053224,-2.500294117647059,-1.650215146299484,-0.6153846153846154,-0.8424358974358974,-1.6923076923076925,-0.3076923076923077,9,5,600
28,rank_direct,0.09519098806404534,0.11030434224538292,0.10128082340874456,0.11964237952240857,-1.75,-1.7840398550724634,-2.0217391304347827,-1.5434782608695654,0.16666666666666663,0.017222222222222198,-0.5,0.16666666666666663,11,6,600
28,rank_bottom2,0.09519098806404534,0.11070870079130526,0.10162688504928112,0.11989690506130023,-1.75,-1.7818840579710142,-2.0217391304347827,-1.5434782608695654,0.16666666666666663,0.1011111111111111,-0.33333333333333326,0.16666666666666663,11,6,600
28,pct_direct,0.09519098806404534,0.10888610722107342,0.09847701687087165,0.1193173130066063,-1.75,-1.7719927536231883,-2.010869565217391,-1.5217391304347827,0.16666666666666663,-0.2611111111111111,-0.9166666666666667,0.16666666666666663,11,6,600
28,pct_bottom2,0.09519098806404534,0.10992774475242356,0.10047218733937979,0.11971551286650634,-1.75,-1.7888768115942033,-2.0217391304347827,-1.5543478260869565,0.16666666666666663,-0.05305555555555558,-0.5,0.16666666666666663,11,6,600
29,rank_direct,0.06350138239849513,0.08421724593446524,0.07639705928577654,0.09193050321789883,-2.6695652173913045,-2.7330971100584165,-3.0699999999999994,-2.4260869565217393,0.4666666666666667,-0.12299999999999997,-0.7333333333333334,0.4666666666666667,11,7,600
29,rank_bottom2,0.06296271413684859,0.08393185696048404,0.07621205421988896,0.09112836352737017,-2.6,-2.665059407944164,-3.017683658170915,-2.335918290854573,0.06666666666666665,-0.37455555555555553,-1.0666666666666669,0.33333333333333337,11,7,600
29,pct_direct,0.06350138239849513,0.08395765777051241,0.07627858288798703,0.09207887415970321,-2.6695652173913045,-2.738631625013823,-3.0873913043478263,-2.4172113943028486,0.4666666666666667,-0.25588888888888883,-1.0,0.4666666666666667,11,7,600
29,pct_bottom2,0.06350138239849513,0.08417580293844372,0.07638055484522413,0.09260578533010182,-2.6695652173913045,-2.7299524084246394,-3.122117691154423,-2.391304347826087,0.4666666666666667,-0.2343333333333333,-1.0666666666666669,0.4666666666666667,11,7,600
30,rank_direct,0.055061873296218866,0.0803732817409966,0.07182121618196073,0.08843878180496823,-3.2,-3.020843020455695,-3.3875418275418276,-2.6282239382239387,0.06666666666666665,-0.2962222222222222,-1.0,0.06666666666666665,10,5,600
30,rank_bottom2,0.0568774891735736,0.08063227192659941,0.07258583930628003,0.08871471472486765,-2.954954954954955,-2.9579480929405837,-3.333333333333333,-2.5904761904761906,0.06666666666666665,-0.3557777777777778,-1.1333333333333333,0.06666666666666665,10,5,600
30,pct_direct,0.055061873296218866,0.08034796725119558,0.07191358688079216,0.08860578917171225,-3.2,-3.0559812432113675,-3.4024964216553,-2.720398970398971,0.06666666666666665,-0.2578888888888889,-1.0,0.19999999999999996,10,5,600
30,pct_bottom2,0.055061873296218866,0.08056070565746475,0.07204529537362042,0.08871429000485187,-3.2,-3.037269365810758,-3.3875418275418276,-2.684259974259975,0.06666666666666665,-0.23455555555555557,-1.0,0.19999999999999996,10,5,600
31,rank_direct,0.05364534024380871,0.07973792790347173,0.07217250205254339,0.08784803468528474,-3.018691588785047,-2.9832403030845285,-3.3364485981308407,-2.607476635514019,0.0625,-0.36302083333333335,-1.125,0.1875,10,6,600
31,rank_bottom2,0.05364534024380871,0.0800898499716653,0.07281880805326678,0.08772919608520723,-3.018691588785047,-2.9184706108398952,-3.2805753236731543,-2.540825688073395,0.0625,-0.305,-1.0,0.0625,10,6,600
31,pct_direct,0.05364534024380871,0.0785746277827044,0.07055351749592517,0.08669349111318356,-3.018691588785047,-2.9473335036876938,-3.3271028037383177,-2.5700934579439254,0.0625,-0.6572916666666667,-1.5625,0.0625,10,6,600
31,pct_bottom2,0.05364534024380871,0.07927617480413371,0.07153771560544386,0.0872771667265238,-3.018691588785047,-2.9625558920160224,-3.330505952380953,-2.6145005096839964,0.0625,-0.49364583333333334,-1.3125,0.0625,10,6,600
32,rank_direct,0.07703610553019409,0.09736132291102498,0.08671017290159168,0.10687447411126373,-1.88,-1.9879333333333329,-2.3505000000000003,-1.6800000000000002,-0.1428571428571428,-0.42547619047619045,-0.8571428571428572,0.0,11,9,600
32,rank_bottom2,0.07890513719438418,0.09839794032785508,0.08866829625525079,0.10777618634653985,-1.7999999999999998,-1.9358166666666663,-2.2705,-1.62,-0.1428571428571428,-0.36190476190476195,-0.7142857142857142,-0.1428571428571428,11,9,600
32,pct_direct,0.07703610553019409,0.09659759343531715,0.08551615220829327,0.10685914788624658,-1.88,-1.9794166666666668,-2.3605,-1.67,-0.1428571428571428,-0.6145238095238096,-1.2857142857142856,-0.1428571428571428,11,9,600
32,pct_bottom2,0.07732385692695695,0.09737832754768118,0.08720619945827515,0.10708712608725486,-1.8599999999999999,-1.972,-2.3609999999999998,-1.6800000000000002,0.0,-0.4442857142857143,-1.1428571428571428,0.0,11,9,600
33,rank_direct,0.08914556921270224,0.1053626448235237,0.09465557945701154,0.11548081766568775,-2.064935064935065,-1.9998268398268397,-2.2987012987012987,-1.7012987012987013,-0.5384615384615385,-0.4974358974358975,-0.8461538461538463,-0.22307692307693014,9,4,600
33,rank_bottom2,0.09085547393562855,0.10550467517917264,0.09516699336463921,0.11511982841723427,-1.896103896103896,-1.9390259740259739,-2.2467532467532467,-1.6233766233766236,-0.8461538461538463,-0.6887179487179488,-0.8461538461538463,-0.3846153846153846,9,4,600
33,pct_direct,0.08891418368450485,0.1041696982140952,0.09264674064674346,0.11487618550781223,-2.207792207792208,-1.9803246753246753,-2.272727272727273,-1.6623376623376624,-0.07692307692307687,-0.637948717948718,-1.1538461538461537,-0.23076923076923084,9,4,600
33,pct_bottom2,0.08891418368450485,0.10489653240784516,0.09444435606020808,0.11514241526978021,-2.207792207792208,-2.009891774891775,-2.311688311688312,-1.7006493506493512,-0.07692307692307687,-0.5051282051282051,-1.0,-0.07692307692307687,9,4,600
34,rank_direct,0.0860194685026088,0.0992565456717395,0.0915538695610821,0.1070092937936306,-2.3207547169811322,-2.3244968553459118,-2.6226415094339623,-2.0377358490566038,0.2142857142857143,-0.15642857142857144,-0.6428571428571428,0.3571428571428571,11,7,600
34,rank_bottom2,0.0860194685026088,0.09994669709559213,0.09256219141145104,0.10753283066082545,-2.3207547169811322,-2.3086635220125786,-2.5849056603773586,-2.0377358490566038,0.2142857142857143,0.030476190476190487,-0.5,0.3571428571428571,11,7,600
34,pct_direct,0.0850490229566381,0.09826833960765188,0.08969922646806429,0.10707755118896768,-2.3679245283018866,-2.3332075471698115,-2.6037735849056602,-2.0660377358490565,0.0714285714285714,-0.42357142857142854,-1.2142857142857144,0.0714285714285714,11,7,600
34,pct_bottom2,0.0850490229566381,0.09873344172739304,0.0905161916414782,0.10704575574430249,-2.3679245283018866,-2.3459119496855343,-2.6320754716981134,-2.0660377358490565,0.0714285714285714,-0.2578571428571429,-0.7857142857142858,0.2142857142857143,11,7,600
