season,week,celebrity_name,alive_n,p_elim_rank,p_elim_pct,p_elim_rank_lo_10,p_elim_rank_hi_10,p_elim_pct_lo_10,p_elim_pct_hi_10,rev_rate_rank_vs_pct,B
2,1,Jerry Rice,10,0.0,0.0,0.0,0.0,0.0,0.0,0.18333333333333332,600
2,2,Jerry Rice,9,0.0,0.0,0.0,0.0,0.0,0.0,0.22166666666666668,600
2,3,Jerry Rice,8,0.008333333333333333,0.0016666666666666668,0.0,0.0,0.0,0.0,0.19833333333333333,600
2,4,Jerry Rice,7,0.0033333333333333335,0.0,0.0,0.0,0.0,0.0,0.18666666666666668,600
2,5,Jerry Rice,6,0.058333333333333334,0.006666666666666667,0.0,1.0,0.0,0.0,0.5533333333333333,600
2,6,Jerry Rice,5,0.19166666666666668,0.0033333333333333335,0.0,1.0,0.0,0.0,0.8716666666666667,600
2,7,Jerry Rice,4,0.29333333333333333,0.0033333333333333335,0.0,1.0,0.0,0.0,0.38333333333333336,600
4,2,Billy Ray Cyrus,11,0.0,0.0016666666666666668,0.0,0.0,0.0,0.0,0.26166666666666666,600
4,3,Billy Ray Cyrus,10,0.011666666666666667,0.018333333333333333,0.0,0.0,0.0,0.0,0.25166666666666665,600
4,4,Billy Ray Cyrus,9,0.0016666666666666668,0.0016666666666666668,0.0,0.0,0.0,0.0,0.21833333333333332,600
4,5,Billy Ray Cyrus,8,0.10833333333333334,0.065,0.0,1.0,0.0,1.0,0.2,600
4,6,Billy Ray Cyrus,7,0.17333333333333334,0.10666666666666667,0.0,1.0,0.0,1.0,0.4816666666666667,600
4,7,Billy Ray Cyrus,6,0.695,0.24166666666666667,0.0,1.0,0.0,1.0,0.6133333333333333,600
4,8,Billy Ray Cyrus,5,0.84,0.25666666666666665,0.0,1.0,0.0,1.0,0.7266666666666667,600
11,1,Bristol Palin,12,0.0,0.0,0.0,0.0,0.0,0.0,0.03166666666666667,600
11,2,Bristol Palin,11,0.0,0.0,0.0,0.0,0.0,0.0,0.145,600
11,3,Bristol Palin,10,0.008333333333333333,0.0016666666666666668,0.0,0.0,0.0,0.0,0.12,600
11,4,Bristol Palin,9,0.01,0.0033333333333333335,0.0,0.0,0.0,0.0,0.17,600
11,5,Bristol Palin,8,0.23333333333333334,0.018333333333333333,0.0,1.0,0.0,0.0,0.43,600
11,6,Bristol Palin,7,0.15333333333333332,0.016666666666666666,0.0,1.0,0.0,0.0,0.745,600
11,7,Bristol Palin,6,0.5233333333333333,0.0,0.0,1.0,0.0,0.0,0.9066666666666666,600
11,8,Bristol Palin,5,0.385,0.0016666666666666668,0.0,1.0,0.0,0.0,0.7516666666666667,600
11,9,Bristol Palin,4,0.5466666666666666,0.0033333333333333335,0.0,1.0,0.0,0.0,0.97,600
27,1,Bobby Bones,13,0.0,0.0,0.0,0.0,0.0,0.0,0.16333333333333333,600
27,2,Bobby Bones,12,0.005,0.0016666666666666668,0.0,0.0,0.0,0.0,0.09,600
27,3,Bobby Bones,11,0.01,0.011666666666666667,0.0,0.0,0.0,0.0,0.3016666666666667,600
27,4,Bobby Bones,10,0.27166666666666667,0.07666666666666666,0.0,1.0,0.0,1.0,0.575,600
27,6,Bobby Bones,9,0.17333333333333334,0.08666666666666667,0.0,1.0,0.0,1.0,0.5483333333333333,600
27,1,Tinashe,13,0.0,0.0033333333333333335,0.0,0.0,0.0,0.0,0.16333333333333333,600
27,2,Tinashe,12,0.0,0.01,0.0,0.0,0.0,0.0,0.09,600
27,3,Tinashe,11,0.0,0.058333333333333334,0.0,0.0,0.0,1.0,0.3016666666666667,600
27,4,Tinashe,10,0.0,0.32166666666666666,0.0,0.0,0.0,1.0,0.575,600
31,1,Vinny Guadagnino,16,0.006666666666666667,0.011666666666666667,0.0,0.0,0.0,0.0,0.17666666666666667,600
31,2,Vinny Guadagnino,15,0.0,0.0,0.0,0.0,0.0,0.0,0.19,600
31,3,Vinny Guadagnino,14,0.016666666666666666,0.011666666666666667,0.0,0.0,0.0,0.0,0.095,600
31,4,Vinny Guadagnino,13,0.0033333333333333335,0.0033333333333333335,0.0,0.0,0.0,0.0,0.08833333333333333,600
31,6,Vinny Guadagnino,10,0.13166666666666665,0.06833333333333333,0.0,1.0,0.0,1.0,0.16333333333333333,600
31,7,Vinny Guadagnino,9,0.19666666666666666,0.06666666666666667,0.0,1.0,0.0,1.0,0.3283333333333333,600
