season,week,celebrity_name,era,j_metric,q_hat,p_mean,ci_lo_05,ci_hi_95,ci_width,ci_rel_width,ess,ess_ratio,pcp_unweighted,pcp_weighted,has_posterior,alive_n,elim_this_week_end,B,kappa,tau_like
21,1,Alek Skarlatos,rank,0.00016465922627960464,0.17763304931825993,0.17505317096477288,0.029650566335276813,0.39033745564232303,0.36068688930704623,2.0604301361070068,1199.9999999999998,0.9999999999999998,,,False,13,False,1200,10.0,0.15
21,1,Alexa PenaVega,rank,0.00016465922627960464,0.17440820289199177,0.17787594398978226,0.027188893141022227,0.4137402856825596,0.38655139254153736,2.173139384291097,1199.9999999999998,0.9999999999999998,,,False,13,False,1200,10.0,0.15
21,1,Andy Grammer,rank,3.015838928235608e-06,0.060269656252058074,0.06228520657365039,0.0008238955638540047,0.21271802220862351,0.2118941266447695,3.4019430352403157,1199.9999999999998,0.9999999999999998,,,False,13,False,1200,10.0,0.15
21,1,Bindi Irwin,rank,0.49084223571829866,0.025469995535851477,0.023937994774768212,3.77135894650454e-07,0.11137535729557943,0.11137498015968478,4.652450163741813,1199.9999999999998,0.9999999999999998,,,False,13,False,1200,10.0,0.15
21,1,Carlos PenaVega,rank,0.0089900891407553,0.1680138226889416,0.1753230623228066,0.03075327147116612,0.3982557543564954,0.3675024828853293,2.096132601631622,1199.9999999999998,0.9999999999999998,,,False,13,False,1200,10.0,0.15
21,1,Chaka Khan,rank,3.3938796071413727e-13,0.03321057160891424,0.03339835461293436,7.460644892372575e-06,0.14506238553835235,0.14505492489345997,4.343045743682887,1199.9999999999998,0.9999999999999998,,,False,13,False,1200,10.0,0.15
21,1,Gary Busey,rank,5.036963941096627e-11,0.007069513556987147,0.006334908341888969,7.749995602104609e-21,0.034566278839646074,0.034566278839646074,5.455615355278417,1199.9999999999998,0.9999999999999998,,,False,13,False,1200,10.0,0.15
21,1,Hayes Grier,rank,3.015838928235608e-06,0.044588663018892485,0.044701233257881015,0.00013230977040362194,0.17507648380605706,0.17494417403565343,3.913544386617658,1199.9999999999998,0.9999999999999998,,,False,13,False,1200,10.0,0.15
21,1,Kim Zolciak-Biermann,rank,2.7858660288187776e-14,0.05810491149459384,0.056162390458902076,0.000372179708623386,0.19811838522124592,0.19774620551262254,3.520909330737869,1199.9999999999998,0.9999999999999998,,,False,13,False,1200,10.0,0.15
21,1,Nick Carter,rank,0.49084223571829866,0.019796451579356084,0.01889127914875277,1.1062693089258323e-08,0.0996491403744972,0.0996491293118041,5.274595432726428,1199.9999999999998,0.9999999999999998,,,False,13,False,1200,10.0,0.15
21,1,Paula Deen,rank,5.036963941096627e-11,0.01704276718915656,0.014297185923190996,6.72511380430614e-10,0.07684486688151569,0.07684486620900431,5.374448662355515,1199.9999999999998,0.9999999999999998,,,False,13,False,1200,10.0,0.15
21,1,Tamar Braxton,rank,0.0089900891407553,0.16358720420651707,0.16450588564941626,0.024916909725887622,0.38065828295318077,0.35574137322729316,2.162471022552942,1199.9999999999998,0.9999999999999998,,,False,13,False,1200,10.0,0.15
21,1,Victor Espinoza,rank,5.036963941096627e-11,0.0508051906584798,0.047233383981253235,0.00021505461056946871,0.17839739711852234,0.17818234250795287,3.7723016050907177,1199.9999999999998,0.9999999999999998,,,False,13,False,1200,10.0,0.15
21,2,Alek Skarlatos,rank,5.4110446975787905e-06,0.1663443312964701,0.16678974977464153,0.02570815940029576,0.37565035538541613,0.3499421959851204,2.0980911498865673,1199.9999999999998,0.9999999999999998,,,False,13,False,1200,10.0,0.15
21,2,Alexa PenaVega,rank,0.00010868373806623766,0.16325508458905208,0.16014801310946292,0.02477285291504799,0.37917916447959565,0.35440631156454766,2.2129784297971824,1199.9999999999998,0.9999999999999998,,,False,13,False,1200,10.0,0.15
21,2,Andy Grammer,rank,7.323052667527968e-07,0.05640305661961931,0.055023831846701135,0.0005381026039045585,0.19679730103301038,0.19625919842910583,3.5667387221806117,1199.9999999999998,0.9999999999999998,,,False,13,False,1200,10.0,0.15
21,2,Bindi Irwin,rank,0.11918619094538949,0.10988416878932374,0.11312581493026211,0.009053252975104075,0.3063430026549314,0.29728974967982735,2.627933526309336,1199.9999999999998,0.9999999999999998,,,False,13,False,1200,10.0,0.15
21,2,Carlos PenaVega,rank,5.4110446975787905e-06,0.16315101221014128,0.16327592337597308,0.02316678176395091,0.36868852655462797,0.34552174479067704,2.1161701093243535,1199.9999999999998,0.9999999999999998,,,False,13,False,1200,10.0,0.15
21,2,Chaka Khan,rank,9.154935283011172e-16,0.031079655643804046,0.031131646899582546,4.537786140505839e-06,0.1533198030365887,0.1533152652504482,4.924581766046496,1199.9999999999998,0.9999999999999998,,,False,13,True,1200,10.0,0.15
21,2,Gary Busey,rank,3.031698195494937e-14,0.00661590681283437,0.006661658918455897,4.5750471169073385e-23,0.04236038672090259,0.04236038672090259,6.357880125540001,1199.9999999999998,0.9999999999999998,,,False,13,False,1200,10.0,0.15
21,2,Hayes Grier,rank,1.4708744474408096e-05,0.0417256793885834,0.042711939985023976,6.221663447041688e-05,0.17422557012021264,0.17416335348574222,4.077531388539572,1199.9999999999998,0.9999999999999998,,,False,13,False,1200,10.0,0.15
21,2,Kim Zolciak-Biermann,rank,7.418320894976062e-12,0.05437668046410768,0.05575654166654735,0.0004899443221388013,0.20659343309285685,0.20610348877071805,3.6964235260460416,1199.9999999999998,0.9999999999999998,,,False,13,True,1200,10.0,0.15
21,2,Nick Carter,rank,5.4110446975787905e-06,0.13942081721934066,0.13898458358990787,0.015108919379233364,0.3476574738947553,0.33254855451552195,2.3926838016289715,1199.9999999999998,0.9999999999999998,,,False,13,False,1200,10.0,0.15
21,2,Paula Deen,rank,7.418320894976062e-12,0.01594923874803605,0.015718292323206724,8.586437118745007e-10,0.09051661199982985,0.09051661114118614,5.758313369333717,1199.9999999999998,0.9999999999999998,,,False,13,False,1200,10.0,0.15
21,2,Tamar Braxton,rank,0.8806734511133432,0.004249030864266194,0.0050579455539174634,1.955776892414453e-33,0.021069964547241114,0.021069964547241114,4.164892530010587,1199.9999999999998,0.9999999999999998,,,False,13,False,1200,10.0,0.15
21,2,Victor Espinoza,rank,4.499439066389845e-12,0.047545337354421284,0.045614058026317225,0.00016417042433817963,0.173312120862725,0.17314795043838682,3.7958507109316963,1199.9999999999998,0.9999999999999998,,,False,13,True,1200,10.0,0.15
21,3,Alek Skarlatos,rank,3.742306918063011e-05,0.20108269849201754,0.20245351242776827,0.04491797020755711,0.43474492239757395,0.38982695219001684,1.925503894753145,1199.9999999999998,0.9999999999999998,,,False,10,False,1200,10.0,0.15
21,3,Alexa PenaVega,rank,0.4999619813807563,0.02527251524288106,0.02392301247433381,3.1776036631546616e-07,0.110754359279516,0.11075404151914969,4.629409119309271,1199.9999999999998,0.9999999999999998,,,False,10,False,1200,10.0,0.15
21,3,Andy Grammer,rank,1.3946279947091472e-10,0.06819111852967326,0.06746518933057036,0.0009533002461216997,0.22519492507006192,0.22424162482394022,3.323763014466442,1199.9999999999998,0.9999999999999998,,,False,10,False,1200,10.0,0.15
21,3,Bindi Irwin,rank,1.130078768887438e-06,0.2168705857365403,0.21785038287070338,0.04500257855480106,0.4479291429651886,0.40292656441038754,1.8495478848969613,1199.9999999999998,0.9999999999999998,,,False,10,False,1200,10.0,0.15
21,3,Carlos PenaVega,rank,5.626330892767039e-08,0.19725281135660236,0.1997004625703061,0.041048476404127475,0.43074249871651166,0.3896940223123842,1.951382915762022,1199.9999999999998,0.9999999999999998,,,False,10,False,1200,10.0,0.15
21,3,Gary Busey,rank,2.0967383868694506e-13,0.007998586503166753,0.007114605890202888,4.2311586324991435e-18,0.04412778386661735,0.044127783866617344,6.201549741164644,1199.9999999999998,0.9999999999999998,,,False,10,False,1200,10.0,0.15
21,3,Hayes Grier,rank,4.618373635903816e-09,0.050449113834107606,0.04942414673855503,0.00015641395173737822,0.19723503488769173,0.19707862093595435,3.9874160005724253,1199.9999999999998,0.9999999999999998,,,False,10,False,1200,10.0,0.15
21,3,Nick Carter,rank,0.4999619813807563,0.02157371562144218,0.020866291035681876,4.2537558051563235e-08,0.11174637407467762,0.11174633153711958,5.355095270681744,1199.9999999999998,0.9999999999999998,,,False,10,False,1200,10.0,0.15
21,3,Paula Deen,rank,2.3292659481332486e-15,0.01928252156489428,0.017737535329984493,9.084713610235023e-09,0.0918391674637206,0.091839158379007,5.177381146219318,1199.9999999999998,0.9999999999999998,,,False,10,False,1200,10.0,0.15
21,3,Tamar Braxton,rank,3.742306918063011e-05,0.1920263331186747,0.19346486133189375,0.03600912494486259,0.4315898216396415,0.3955806966947789,2.044705427466368,1199.9999999999998,0.9999999999999998,,,False,10,False,1200,10.0,0.15
21,4,Alek Skarlatos,rank,7.203766826349167e-06,0.20530626256822765,0.20440336944398924,0.04614183801765155,0.437422510387855,0.3912806723702035,1.9142480830255537,1182.8856854291128,0.9857380711909273,0.7133333333333334,0.7373195517765625,True,10,False,1200,10.0,0.15
21,4,Alexa PenaVega,rank,2.9440148515278714e-08,0.20158496846603619,0.20045154368626875,0.040721172833506486,0.41482474760407523,0.37410357477056877,1.8662949738172634,1182.8856854291128,0.9857380711909273,0.7133333333333334,0.7373195517765625,True,10,False,1200,10.0,0.15
21,4,Andy Grammer,rank,1.6073776456352357e-06,0.06961430159286187,0.070847672190473,0.0013637280086060866,0.23034786794879844,0.22898413994019234,3.23201738099735,1182.8856854291128,0.9857380711909273,0.7133333333333334,0.7373195517765625,True,10,False,1200,10.0,0.15
21,4,Bindi Irwin,rank,0.7111253964447973,0.011891664164930215,0.011676115856451015,7.35590777288752e-13,0.06313985478866868,0.06313985478793309,5.407144672034021,1182.8856854291128,0.9857380711909273,0.7133333333333334,0.7373195517765625,True,10,False,1200,10.0,0.15
21,4,Carlos PenaVega,rank,0.00014469152457667064,0.20125118088570979,0.20929396070049966,0.04309253285431487,0.4525775855039061,0.40948505264959123,1.956497429651748,1182.8856854291128,0.9857380711909273,0.7133333333333334,0.7373195517765625,True,10,False,1200,10.0,0.15
21,4,Gary Busey,rank,7.297483221362797e-11,0.008165575003816358,0.004296074339541901,2.0622142374768703e-17,0.021105333163388047,0.021105333163388026,4.91155877131928,1182.8856854291128,0.9857380711909273,0.7133333333333334,0.7373195517765625,True,10,True,1200,10.0,0.15
21,4,Hayes Grier,rank,0.09624035694460513,0.03467051226671932,0.035180111384922365,9.886884101281623e-06,0.14654494180063538,0.1465350549165341,4.1651627577443415,1182.8856854291128,0.9857380711909273,0.7133333333333334,0.7373195517765625,True,10,False,1200,10.0,0.15
21,4,Nick Carter,rank,0.09624035694460513,0.11584248412299825,0.11252727319952055,0.00919399162651888,0.30019402106340254,0.29100002943688363,2.5860170174380985,1182.8856854291128,0.9857380711909273,0.7133333333333334,0.7373195517765625,True,10,False,1200,10.0,0.15
21,4,Paula Deen,rank,5.392151290365487e-10,0.019685087575975434,0.02208210584281672,1.0392369930249919e-08,0.11740236061768206,0.11740235022531212,5.316387606931713,1182.8856854291128,0.9857380711909273,0.7133333333333334,0.7373195517765625,True,10,False,1200,10.0,0.15
21,4,Tamar Braxton,rank,0.09624035694460513,0.13198796335272503,0.12924177335551706,0.013166989232335677,0.3408423014154625,0.32767531218312684,2.5353472668198447,1182.8856854291128,0.9857380711909273,0.7133333333333334,0.7373195517765625,True,10,False,1200,10.0,0.15
21,5,Alek Skarlatos,rank,9.033556665073057e-11,0.19296769033119557,0.19319085747995027,0.037983418054008386,0.41982479040048737,0.38184137234647897,1.976487918938856,1199.9999999999998,0.9999999999999998,,,False,9,False,1200,10.0,0.15
21,5,Alexa PenaVega,rank,0.8803023412168868,0.00507547390255383,0.004895262934500278,1.0045138783470107e-26,0.02457143754081691,0.02457143754081691,5.01840646009439,1199.9999999999998,0.9999999999999998,,,False,9,False,1200,10.0,0.15
21,5,Andy Grammer,rank,6.589224109451097e-05,0.06541136427386797,0.06610712757111298,0.0007572413227668226,0.230468308864504,0.22971106754173717,3.4747780035765703,1199.9999999999998,0.9999999999999998,,,False,9,False,1200,10.0,0.15
21,5,Bindi Irwin,rank,0.00048688146593160514,0.20767119278796417,0.21015554340693526,0.045675974852893535,0.4397669540036369,0.39409097915074337,1.875225832905178,1199.9999999999998,0.9999999999999998,,,False,9,False,1200,10.0,0.15
21,5,Carlos PenaVega,rank,0.11913596668244066,0.11596111436346884,0.1209053463017761,0.010908351060515948,0.31680605046705107,0.3058976994065351,2.5300384037991686,1199.9999999999998,0.9999999999999998,,,False,9,False,1200,10.0,0.15
21,5,Hayes Grier,rank,6.67494569710937e-10,0.04840571202712604,0.04653952118102566,0.00013182676526233146,0.16916154260916916,0.16902971584390683,3.631882745499193,1199.9999999999998,0.9999999999999998,,,False,9,False,1200,10.0,0.15
21,5,Nick Carter,rank,8.917545111620813e-06,0.16172914566091295,0.15974114627727,0.02586816669225497,0.36763186409037496,0.34176369739812,2.1394710498312,1199.9999999999998,0.9999999999999998,,,False,9,False,1200,10.0,0.15
21,5,Paula Deen,rank,3.6918081366567284e-13,0.018501497844566468,0.018163743467278528,1.8673675995679435e-08,0.09065777409562223,0.09065775542194623,4.990863514546992,1199.9999999999998,0.9999999999999998,,,False,9,False,1200,10.0,0.15
21,5,Tamar Braxton,rank,9.033556665073057e-11,0.1842768088083441,0.18030145138015063,0.03339379597256944,0.3940789275735049,0.36068513160093546,2.0004449681078658,1199.9999999999998,0.9999999999999998,,,False,9,False,1200,10.0,0.15
21,6,Alek Skarlatos,rank,2.990604904988145e-09,0.213736252548249,0.2194681675599945,0.05368910650576152,0.43791418428790546,0.38422507778214393,1.7507018505326561,1160.145683423382,0.966788069519485,0.7166666666666667,0.7703390614540416,True,9,False,1200,10.0,0.15
21,6,Alexa PenaVega,rank,2.990604904988145e-09,0.20985596904898174,0.21301272527797233,0.04513379374955009,0.43187170206081543,0.38673790831126537,1.8155539405106014,1160.145683423382,0.966788069519485,0.7166666666666667,0.7703390614540416,True,9,False,1200,10.0,0.15
21,6,Andy Grammer,rank,0.3237478973552717,0.019143124625399376,0.018863445008903378,1.3951549934806879e-08,0.09594783041383236,0.09594781646228243,5.086172236553915,1160.145683423382,0.966788069519485,0.7166666666666667,0.7703390614540416,True,9,False,1200,10.0,0.15
21,6,Bindi Irwin,rank,0.3237478973552717,0.06088182785846135,0.060454664818828795,0.0007981819127450538,0.21193415071556235,0.2111359688028173,3.492410007160477,1160.145683423382,0.966788069519485,0.7166666666666667,0.7703390614540416,True,9,False,1200,10.0,0.15
21,6,Carlos PenaVega,rank,0.0021813961734451826,0.20776118218849368,0.20592465889171319,0.045584758389360734,0.42237785621488205,0.37679309782552134,1.829753027638287,1160.145683423382,0.966788069519485,0.7166666666666667,0.7703390614540416,True,9,False,1200,10.0,0.15
21,6,Hayes Grier,rank,6.006790524180554e-08,0.05361546831586535,0.0541030411921544,0.0002423565239550692,0.20297223011275045,0.20272987358879538,3.7470375432545904,1160.145683423382,0.966788069519485,0.7166666666666667,0.7703390614540416,True,9,False,1200,10.0,0.15
21,6,Nick Carter,rank,0.026574845708897607,0.16059803871356626,0.16373229572452655,0.023575160737325608,0.3819490095687797,0.35837384883145407,2.1887658661339167,1160.145683423382,0.966788069519485,0.7166666666666667,0.7703390614540416,True,9,False,1200,10.0,0.15
21,6,Paula Deen,rank,2.727078678957567e-12,0.020492761540347515,0.012317540821972353,2.5904593170278172e-08,0.0678328992821923,0.06783287337759913,5.506567243468228,1160.145683423382,0.966788069519485,0.7166666666666667,0.7703390614540416,True,9,True,1200,10.0,0.15
21,6,Tamar Braxton,rank,0.3237478973552717,0.0539153751606356,0.05212346070393443,0.0002662991167113041,0.1910650813847416,0.1907987822680303,3.6604461646473885,1160.145683423382,0.966788069519485,0.7166666666666667,0.7703390614540416,True,9,False,1200,10.0,0.15
21,7,Alek Skarlatos,rank,1.1202152144407405e-07,0.1866964237511968,0.18880001661708218,0.03842462620911573,0.41075144695343635,0.3723268207443206,1.9720594063296666,1111.5315886598419,0.9262763238832016,0.49416666666666664,0.5919245528743324,True,8,False,1200,10.0,0.15
21,7,Alexa PenaVega,rank,4.519270724140335e-05,0.18327305932637403,0.18730015767239275,0.03719333354241357,0.41162567062658206,0.3744323370841685,1.9990924868659152,1111.5315886598419,0.9262763238832016,0.49416666666666664,0.5919245528743324,True,8,False,1200,10.0,0.15
21,7,Andy Grammer,rank,0.0024674382103701043,0.06266371045937083,0.06439742805768608,0.0006621658927787521,0.20567237187907747,0.2050102059862987,3.1834659970683914,1111.5315886598419,0.9262763238832016,0.49416666666666664,0.5919245528743324,True,8,False,1200,10.0,0.15
21,7,Bindi Irwin,rank,0.9954356202274847,0.0033592339066144975,0.003952394456671037,3.4215922414932204e-40,0.015257622149102472,0.015257622149102472,3.8593725762316624,1111.5315886598419,0.9262763238832016,0.49416666666666664,0.5919245528743324,True,8,False,1200,10.0,0.15
21,7,Carlos PenaVega,rank,0.0005505598830362365,0.18269841164416897,0.1810413973341819,0.0320471550784418,0.4015457904306886,0.3694986353522468,2.040950853463335,1111.5315886598419,0.9262763238832016,0.49416666666666664,0.5919245528743324,True,8,False,1200,10.0,0.15
21,7,Hayes Grier,rank,0.0014965769255359388,0.04654527652062569,0.03025480340905516,8.166518092722093e-05,0.11750952378400754,0.11742785860308032,3.8811680858534303,1111.5315886598419,0.9262763238832016,0.49416666666666664,0.5919245528743324,True,8,True,1200,10.0,0.15
21,7,Nick Carter,rank,2.2500124051566084e-06,0.15647746415981273,0.1627590280480773,0.023310148013484935,0.3728267249026554,0.3495165768891705,2.1474349757787436,1111.5315886598419,0.9262763238832016,0.49416666666666664,0.5919245528743324,True,8,False,1200,10.0,0.15
21,7,Tamar Braxton,rank,2.2500124051566084e-06,0.1782864202318364,0.18149477440485362,0.03201075242664223,0.3969264497685033,0.364915697341861,2.0106016161448568,1111.5315886598419,0.9262763238832016,0.49416666666666664,0.5919245528743324,True,8,False,1200,10.0,0.15
21,8,Alek Skarlatos,rank,5.013626848679138e-07,0.18779945246925456,0.19001994327356975,0.03624758022002271,0.3872061832131927,0.35095860299317,1.8469469572514499,1086.783513178456,0.9056529276487133,0.6133333333333333,0.736605948806681,True,7,False,1200,10.0,0.15
21,8,Alexa PenaVega,rank,2.7373475089438378e-05,0.18436966615704256,0.18739118863357557,0.0349672720044094,0.40045951635626176,0.36549224435185235,1.9504134458162046,1086.783513178456,0.9056529276487133,0.6133333333333333,0.736605948806681,True,7,False,1200,10.0,0.15
21,8,Andy Grammer,rank,1.513984122859944e-08,0.0636768350369671,0.04075366945636207,0.0005829071790120094,0.1379303750953259,0.1373474679163139,3.3701038371413667,1086.783513178456,0.9056529276487133,0.6133333333333333,0.736605948806681,True,7,True,1200,10.0,0.15
21,8,Bindi Irwin,rank,0.001494541099861693,0.2012738661155989,0.20669633324855535,0.04559434801401224,0.42022376869266415,0.3746294206786519,1.8124540592314113,1086.783513178456,0.9056529276487133,0.6133333333333333,0.736605948806681,True,7,False,1200,10.0,0.15
21,8,Carlos PenaVega,rank,0.004062583913639234,0.181143180367163,0.18518546207852024,0.03478537625519001,0.3961956486511339,0.36141027239594387,1.9516020142050319,1086.783513178456,0.9056529276487133,0.6133333333333333,0.736605948806681,True,7,False,1200,10.0,0.15
21,8,Nick Carter,rank,0.9940815078139231,0.002641045793218487,0.0023374772255856766,8.349504476368779e-50,0.007697780052815864,0.007697780052815864,3.291791756016755,1086.783513178456,0.9056529276487133,0.6133333333333333,0.736605948806681,True,7,False,1200,10.0,0.15
21,8,Tamar Braxton,rank,0.00033347719496055003,0.17909595406075532,0.18761592608383135,0.035369381102627,0.4088272607185118,0.3734578796158848,1.9905340494120218,1086.783513178456,0.9056529276487133,0.6133333333333333,0.736605948806681,True,7,False,1200,10.0,0.15
21,9,Alek Skarlatos,rank,8.327495215870434e-06,0.2481910169583638,0.25229183941268213,0.06522326054411846,0.4911334739867566,0.42591021344263813,1.688158151591316,1199.9999999999998,0.9999999999999998,,,False,6,False,1200,10.0,0.15
21,9,Alexa PenaVega,rank,0.49860162868765817,0.03136441494488586,0.02992159044878761,6.436358326160556e-06,0.13522979179279715,0.13522335543447098,4.51910591316969,1199.9999999999998,0.9999999999999998,,,False,6,True,1200,10.0,0.15
21,9,Bindi Irwin,rank,0.49860162868765817,0.03444730023098053,0.03470439677404008,1.1232525720042722e-05,0.15309038107165196,0.1530791485459319,4.4108168404643155,1199.9999999999998,0.9999999999999998,,,False,6,False,1200,10.0,0.15
21,9,Carlos PenaVega,rank,0.0007496172302514759,0.24268560923832613,0.24358544211160219,0.06734066695729668,0.4842754131629458,0.41693474620564913,1.711650051584666,1199.9999999999998,0.9999999999999998,,,False,6,False,1200,10.0,0.15
21,9,Nick Carter,rank,0.002037670895292387,0.20629165450327736,0.20207002088821738,0.03848221470870858,0.4286051615283489,0.3901229468196403,1.9306229320009742,1199.9999999999998,0.9999999999999998,,,False,6,False,1200,10.0,0.15
21,9,Tamar Braxton,rank,1.1270039236913622e-06,0.23702000412416638,0.23742671036467056,0.05610371371387905,0.4885238952425485,0.43242018152866946,1.8212709075301512,1199.9999999999998,0.9999999999999998,,,False,6,True,1200,10.0,0.15
21,10,Alek Skarlatos,rank,0.005522297528830442,0.46965689914925596,0.47264494911700156,0.23331332256198592,0.723060657781761,0.4897473352197751,1.0361822335190272,1199.9999999999998,0.9999999999999998,,,False,4,False,1200,10.0,0.15
21,10,Bindi Irwin,rank,0.497101381733277,0.06709279497629811,0.06544304490196094,0.0010391779827975327,0.20403536755497964,0.2029961895721821,3.1018282851599777,1199.9999999999998,0.9999999999999998,,,False,4,False,1200,10.0,0.15
21,10,Carlos PenaVega,rank,0.497101381733277,0.06102341610872125,0.06008475927144261,0.0006204861638182234,0.2041424003553203,0.2035219141915021,3.387190520004486,1199.9999999999998,0.9999999999999998,,,False,4,False,1200,10.0,0.15
21,10,Nick Carter,rank,0.00027493900461556735,0.40222688976572474,0.401827246709595,0.17684435910511387,0.6462957988459299,0.46945143974081605,1.1682887989706034,1199.9999999999998,0.9999999999999998,,,False,4,False,1200,10.0,0.15
21,11,Alek Skarlatos,rank,0.0008255685989016145,0.5750174036698791,0.5792378808624858,0.3208439311750802,0.8132097053718116,0.4923657741967314,0.8500219692842432,1199.9999999999998,0.9999999999999998,,,False,4,True,1200,10.0,0.15
21,11,Bindi Irwin,rank,0.33305814380036614,0.15817522795265507,0.16138783026379633,0.023828429333932984,0.38984189278327086,0.3660134634493379,2.267898359824993,1199.9999999999998,0.9999999999999998,,,False,4,True,1200,10.0,0.15
21,11,Carlos PenaVega,rank,0.33305814380036614,0.14386630869762707,0.1385075778749841,0.0156454226258648,0.34181036495642086,0.32616494233055604,2.3548356884073125,1199.9999999999998,0.9999999999999998,,,False,4,True,1200,10.0,0.15
21,11,Nick Carter,rank,0.33305814380036614,0.12294105967983888,0.1208667109987348,0.012440037512146146,0.31525134138544364,0.30281130387329747,2.505311810500549,1199.9999999999998,0.9999999999999998,,,False,4,True,1200,10.0,0.15
