outcome,spec,n,R2,adjR2,AIC
fan_final,base,111,0.12114264076927506,-0.00702405745187229,330.6706279289331
fan_final,seasonFE,111,0.20610356995237855,-0.32316071674603575,379.38530273563566
fan_w1,base,392,0.15885507474041405,0.12761892366976624,1074.6352169306474
fan_w1,seasonFE,392,0.17124921738847976,0.06346371097946701,1130.8161791157486
fan_w6,base,173,0.15311703826375223,0.07807677583142647,492.2013826480434
fan_w6,seasonFE,173,0.18988199032084052,-0.07184844357550335,540.5231967717637
judge_w1,base,392,0.21956713055216937,0.19058553858328442,1045.2684414909731
judge_w1,seasonFE,392,0.32330777804307975,0.23529867403134164,1051.3566279160734
judge_w11,base,392,0.30670029295637513,0.2809544152412272,998.8609949622296
judge_w11,seasonFE,392,0.38293073225471874,0.3026760587040319,1015.2004036049311
judge_w6,base,392,0.28159304735255153,0.2549148050791715,1012.805929073257
judge_w6,seasonFE,392,0.40328284695157623,0.3256751247342957,1002.0534831602924
placement_z,base,392,0.2491265420007881,0.22124264700877494,1030.1326993801767
placement_z,seasonFE,392,0.25629928752004427,0.15957520641715983,1088.3701054774074
