season,n_weeks,top1_accuracy,mean_pcp_weighted,mean_ess_ratio
1,3,1.0,0.8471180365565697,0.9551078753724433
2,7,1.0,0.6962439963905455,0.9409061512927792
3,6,0.5,0.5278290832312723,0.9737224463998905
4,8,0.75,0.442062913865244,0.9582081289502083
5,9,0.6666666666666666,0.6008262206031968,0.9547455635374197
6,7,1.0,0.7139905927546177,0.9625623431301266
7,6,0.8333333333333334,0.7162531457645621,0.9642251935967939
8,8,0.625,0.5355831984163296,0.9596825700923872
9,5,1.0,0.7857781835021264,0.9698706467594498
10,8,0.875,0.6267189651452688,0.9622261599513404
11,9,0.8888888888888888,0.7358032146701231,0.9670668413527329
12,8,1.0,0.6500350127062674,0.9549348400832827
13,9,0.7777777777777778,0.5545638261855816,0.9604645940538291
14,7,0.8571428571428571,0.6831095711434205,0.9708672537194728
15,4,0.75,0.6053028022039564,0.9710944365075085
16,8,1.0,0.7922154683868751,0.9731407795968483
17,8,0.75,0.4393598880525682,0.9728381034410958
18,5,0.8,0.687020480762842,0.9678498520103889
19,9,0.4444444444444444,0.3833750245440124,0.9713617107959505
20,7,0.7142857142857143,0.45745415351226054,0.9723867647036387
21,4,1.0,0.8068419981712602,0.9745540019484047
22,5,0.8,0.689506484418424,0.9747897768359784
23,7,0.7142857142857143,0.5366191977085208,0.9659822447089754
24,7,0.8571428571428571,0.5702411758632216,0.9736073646181501
25,5,0.8,0.545740426019616,0.9679957350571154
27,5,1.0,0.6291995756082767,0.9757435317289657
28,6,0.8333333333333334,0.5152573718644694,0.9581785861883313
29,7,1.0,0.4731493934005104,0.9742308634095928
30,5,1.0,0.4878537266583269,0.9763477521283527
31,6,1.0,0.47350879627755127,0.9709045388890317
32,9,0.8888888888888888,0.39929632305395474,0.9628894537793742
33,4,1.0,0.6160743253607691,0.9592469561696452
34,7,0.8571428571428571,0.4361110831657436,0.9707867801684597
