season,week,celebrity_name,alive_n,rJ,rF_mean,rF_lo,rF_hi,rRank_mean,rPct_mean,in_bottom2_rank,elim_under_save_rank,in_bottom2_pct,elim_under_save_pct,B
2,1,Jerry Rice,10,5.0,1.4783333333333333,1.0,3.0,1.9191666666666667,1.4583333333333333,0,0,0,0,600
2,2,Jerry Rice,9,4.0,1.5266666666666666,1.0,3.0,1.9733333333333334,1.525,0,0,0,0,600
2,3,Jerry Rice,8,7.0,1.3083333333333333,1.0,3.0,4.178333333333334,1.4066666666666667,0,0,0,0,600
2,4,Jerry Rice,7,5.0,1.4666666666666666,1.0,3.0,3.065,1.485,0,0,0,0,600
2,5,Jerry Rice,6,5.0,1.5583333333333333,1.0,3.0,3.2316666666666665,1.6033333333333333,0,0,0,0,600
2,6,Jerry Rice,5,4.5,1.2566666666666666,1.0,2.0499999999999545,2.8041666666666667,1.3033333333333332,0,0,0,0,600
2,7,Jerry Rice,4,4.0,1.1933333333333334,1.0,2.0,2.6341666666666668,1.305,0,0,0,0,600
4,2,Billy Ray Cyrus,11,7.5,5.921666666666667,3.0,10.0,6.391666666666667,6.083333333333333,0,0,0,0,600
4,3,Billy Ray Cyrus,10,7.0,5.885,3.0,9.0,7.0675,6.318333333333333,0,0,0,0,600
4,4,Billy Ray Cyrus,9,5.5,5.493333333333333,3.0,8.0,5.480833333333333,5.363333333333333,0,0,0,0,600
4,5,Billy Ray Cyrus,8,7.0,5.3,3.0,8.0,6.1375,5.8566666666666665,0,0,0,0,600
4,6,Billy Ray Cyrus,7,6.0,5.048333333333333,3.0,7.0,5.505,5.375,0,0,0,0,600
4,7,Billy Ray Cyrus,6,6.0,4.788333333333333,3.0,6.0,5.4591666666666665,5.386666666666667,1,1,1,1,600
4,8,Billy Ray Cyrus,5,5.0,4.4383333333333335,3.0,5.0,4.760833333333333,4.695,1,1,1,1,600
11,1,Bristol Palin,12,7.5,1.9316666666666666,1.0,4.0,4.2775,2.03,0,0,0,0,600
11,2,Bristol Palin,11,3.5,1.9466666666666668,1.0,4.0,2.385,1.9416666666666667,0,0,0,0,600
11,3,Bristol Palin,10,9.0,1.9816666666666667,1.0,4.0,5.973333333333334,2.0883333333333334,0,0,0,0,600
11,4,Bristol Palin,9,8.0,1.8633333333333333,1.0,4.0,4.81,2.105,0,0,0,0,600
11,5,Bristol Palin,8,8.0,1.84,1.0,3.0499999999999545,4.9925,1.9716666666666667,0,0,0,0,600
11,6,Bristol Palin,7,6.0,1.9233333333333333,1.0,4.0,4.095,1.9866666666666666,0,0,0,0,600
11,7,Bristol Palin,6,6.0,1.9083333333333334,1.0,4.0,4.1258333333333335,1.9666666666666666,0,0,0,0,600
11,8,Bristol Palin,5,5.0,1.8133333333333332,1.0,3.0,3.745833333333333,1.96,0,0,0,0,600
11,9,Bristol Palin,4,4.0,1.7983333333333333,1.0,3.0,2.9991666666666665,1.9183333333333332,0,0,0,0,600
27,1,Bobby Bones,13,6.0,4.881666666666667,1.0,9.0,4.705,4.881666666666667,0,0,0,0,600
27,2,Bobby Bones,12,10.0,4.976666666666667,1.0,9.0,7.891666666666667,5.566666666666666,0,0,0,0,600
27,3,Bobby Bones,11,8.0,4.833333333333333,1.0,9.0,6.519166666666667,5.1033333333333335,0,0,0,0,600
27,4,Bobby Bones,10,9.0,4.493333333333333,1.0,8.0,7.425833333333333,5.031666666666666,0,0,0,0,600
27,6,Bobby Bones,9,7.5,4.633333333333334,1.0,8.0,6.4475,5.078333333333333,0,0,0,0,600
27,1,Tinashe,13,1.5,10.055,6.0,13.0,5.325833333333334,8.286666666666667,0,0,0,0,600
27,2,Tinashe,12,2.0,9.446666666666667,4.0,12.0,5.449166666666667,8.03,0,0,0,0,600
27,3,Tinashe,11,3.0,9.08,5.0,11.0,6.138333333333334,8.221666666666666,0,0,0,0,600
27,4,Tinashe,10,2.5,8.71,5.0,10.0,5.5775,8.09,0,0,1,0,600
31,1,Vinny Guadagnino,16,16.0,4.24,1.0,10.0,11.0125,5.37,0,0,0,0,600
31,2,Vinny Guadagnino,15,9.5,4.24,1.0,9.0,6.906666666666666,4.4,0,0,0,0,600
31,3,Vinny Guadagnino,14,14.0,4.295,1.0,9.0,10.241666666666667,5.053333333333334,0,0,0,0,600
31,4,Vinny Guadagnino,13,9.5,4.001666666666667,1.0,9.0,6.754166666666666,4.288333333333333,0,0,0,0,600
31,6,Vinny Guadagnino,10,10.0,3.513333333333333,1.0,7.0,7.600833333333333,4.003333333333333,0,0,0,0,600
31,7,Vinny Guadagnino,9,9.0,3.255,1.0,7.0,6.9,3.57,0,0,0,0,600
