season,celebrity_name,baseline_mode,p_b2,p_rev_given_b2,p_rev,dE_T,dP_finals,n_weeks,B,denom_b2,Tmax,unit_type,unit_id
2,Jerry Rice,rank,0.20452380952380952,0.36554132712456344,0.24095238095238095,-2.3016666666666667,-0.13833333333333334,7,600,859,8,individual,Jerry Rice
4,Billy Ray Cyrus,rank,0.4357142857142857,0.1540983606557377,0.19428571428571428,-0.23499999999999943,-0.0016666666666666668,7,600,1830,10,individual,Billy Ray Cyrus
11,Bristol Palin,rank,0.29777777777777775,0.6965174129353234,0.3151851851851852,-1.0699999999999994,-0.06,9,600,1608,10,individual,Bristol Palin
27,Bobby Bones,rank,0.17266666666666666,0.3783783783783784,0.31133333333333335,-1.1883333333333335,-0.2833333333333333,5,600,518,9,individual,Bobby Bones
27,Tinashe,rank,0.004166666666666667,0.0,0.29625,0.00833333333333286,0.0016666666666667052,4,600,10,9,individual,Tinashe
31,Vinny Guadagnino,rank,0.15333333333333332,0.717391304347826,0.22361111111111112,-1.9866666666666672,-0.3766666666666667,6,600,552,10,individual,Vinny Guadagnino
2,Jerry Rice,pct,0.09738095238095239,0.6234718826405868,0.39071428571428574,-0.9883333333333333,-0.21833333333333332,7,600,409,8,individual,Jerry Rice
4,Billy Ray Cyrus,pct,0.4176190476190476,0.17730900798175597,0.1169047619047619,-0.33499999999999996,0.0,7,600,1754,10,individual,Billy Ray Cyrus
11,Bristol Palin,pct,0.040740740740740744,0.8636363636363636,0.12055555555555555,-0.7983333333333338,-0.3616666666666667,9,600,220,10,individual,Bristol Palin
27,Bobby Bones,pct,0.09366666666666666,0.4234875444839858,0.21566666666666667,-0.6833333333333327,-0.16000000000000003,5,600,281,9,individual,Bobby Bones
27,Tinashe,pct,0.17833333333333334,0.11448598130841121,0.16208333333333333,0.9633333333333329,0.18166666666666664,4,600,428,9,individual,Tinashe
31,Vinny Guadagnino,pct,0.025277777777777777,0.8241758241758241,0.35305555555555557,-0.7200000000000006,-0.17166666666666663,6,600,91,10,individual,Vinny Guadagnino
