scenario_id,n_weeks,n_weeks_total,pcp_mean,pcp_median,pcp_p25,pcp_p75,pcp_softmin_mean,accuracy,accuracy_softmin,mean_cv,median_cv,mean_ci_width,median_ci_width,mean_ess_ratio,scenario,tau,kappa,spearman_p,js_mean,js_median
A1_tau0.05_kappa10,218,218,0.697397389989374,0.7567394811392303,0.615274082835723,0.8498428736445754,0.43491977222993206,0.9587155963302753,0.9495412844036697,1.2632896148034385,0.7625788833703246,0.253250527368774,0.2890280182639183,0.8098380919938708,A1_grid,0.05,10.0,0.9980908303851623,0.0004286055573883331,0.00036766817344018445
A1_tau0.025_kappa10,218,218,0.7666814917736977,0.801756693606562,0.7238478667162631,0.8887584322209341,0.5658155684172567,0.963302752293578,0.9587155963302753,1.32864568677924,0.7557573326254852,0.24866771068242755,0.28960311440214986,0.6579436997425147,A1_grid,0.025,10.0,0.9817742367661499,0.004374191502282405,0.0040821579271141635
A1_tau0.05_kappa5,218,218,0.6730731963628951,0.718423951663839,0.5957829814711474,0.8420067486863007,0.40657369488649336,0.963302752293578,0.9495412844036697,1.718498083705061,1.0374673743389113,0.32616105777016796,0.37610544048412287,0.7884019847456115,A1_grid,0.05,5.0,0.991169504271001,0.001988254618017242,0.001543182732818412
A1_tau0.075_kappa10,218,218,0.6505097533767306,0.7162857043477493,0.5164328619483021,0.8483909391897455,0.37031463054446995,0.9495412844036697,0.9311926605504587,1.2703176539011858,0.7998751433137912,0.2547314955700806,0.2868108620345828,0.8815034202905683,A1_grid,0.07500000000000001,10.0,0.9937167713330638,0.0018138886795394313,0.0017426820511239041
A1_tau0.025_kappa5,218,218,0.7288737111218524,0.7555170674860554,0.6745325426316997,0.8837429180662388,0.5111176362148743,0.963302752293578,0.9587155963302753,1.8161658294974168,1.012618220304907,0.32322247347161104,0.3822635804784029,0.6483396467431535,A1_grid,0.025,5.0,0.9749308816501006,0.005825852758632593,0.005730259544956897
A1_tau0.075_kappa5,218,218,0.6360711169281696,0.700292565876169,0.5246596914698378,0.8279504493405486,0.3524409535381244,0.9541284403669725,0.9311926605504587,1.723885342241429,1.0825454255706506,0.32725786952377456,0.37776106891968453,0.8578180299446453,A1_grid,0.07500000000000001,5.0,0.9886630623767332,0.0031125714510737276,0.0030697892053458374
A1_tau0.05_kappa20,218,218,0.7186470179919314,0.7800881790660783,0.6392225400549199,0.866538036923781,0.4519142334261258,0.9587155963302753,0.944954128440367,0.9208009128334054,0.5641166523965455,0.1920685720165727,0.21585436002151714,0.8510285205813855,A1_grid,0.05,20.0,0.998958033258544,0.00016672917587063854,0.00015602298093900924
A1_tau0.1_kappa10,218,218,0.6177061346349688,0.6665089858574647,0.439357694537817,0.8418158644078122,0.3299698597850472,0.9311926605504587,0.908256880733945,1.287156678840724,0.8408596146089486,0.2556701231374076,0.28226524406413267,0.9199363650844039,A1_grid,0.1,10.0,0.9842634810678084,0.004890606653249627,0.0049966075597024425
A1_tau0.025_kappa20,218,218,0.7924947784531275,0.8339609323978854,0.7694121156522132,0.8889426654297851,0.5983839143627135,0.963302752293578,0.963302752293578,0.9628897410837134,0.550947521783878,0.18769462498025904,0.21686559901691943,0.702363436159159,A1_grid,0.025,20.0,0.9840133401998137,0.0041051429620458735,0.0041435023538454125
A1_tau0.1_kappa5,218,218,0.6074144663483737,0.6677582063083594,0.45675467454413815,0.8228060267614341,0.31794911517329266,0.9495412844036697,0.9220183486238532,1.7475086690023682,1.1348984942043328,0.3279100193337067,0.3689388595022376,0.8983701767897091,A1_grid,0.1,5.0,0.9799514952175745,0.0059875485652074855,0.005984351609536073
A1_tau0.075_kappa20,218,218,0.6712059308861812,0.7450843155179181,0.517917629172526,0.8712829272414641,0.3804508855439687,0.9357798165137615,0.926605504587156,0.9289901506834616,0.5842879310979856,0.19338746418123554,0.2160915283933854,0.9143429732317796,A1_grid,0.07500000000000001,20.0,0.9950038979438313,0.00146967344450816,0.0013777276841879095
A1_tau0.1_kappa20,218,218,0.6337051217676829,0.6883454303811282,0.4480659169011131,0.871047293874188,0.3370994965442252,0.9036697247706422,0.8944954128440367,0.9343506848105061,0.6176146286440403,0.19342509920959663,0.21451487703495337,0.9448141971256088,A1_grid,0.1,20.0,0.9854666617198569,0.00454455425437671,0.004626657853627273
A1_tau0.05_kappa30,218,218,0.7325387120393909,0.7967861738017525,0.6379380704191238,0.8859967399965005,0.4576825644171508,0.9541284403669725,0.9495412844036697,0.7621987294188729,0.4707983570465469,0.16168102336318668,0.18326989675143196,0.8797139339813728,A1_grid,0.05,30.0,0.9986354487904522,0.0002197926991064354,0.00015520283113558463
A1_tau0.15_kappa10,218,218,0.5687306383478135,0.5897562170805977,0.35036670058503394,0.8189391862741381,0.2816626560274892,0.8761467889908257,0.8577981651376146,1.2997494076855534,0.9200406093480509,0.25580376539650007,0.2654781624748036,0.9565401749591076,A1_grid,0.15000000000000002,10.0,0.9582509212866167,0.01231915805004689,0.012102149927961403
A1_tau0.025_kappa30,218,218,0.8019509838569018,0.8392825266885723,0.7803288135397488,0.8925330633227339,0.6078727668731889,0.963302752293578,0.963302752293578,0.8020710466849419,0.45183203004322037,0.15831572061099305,0.18083981306173452,0.7405182119198933,A1_grid,0.025,30.0,0.9835631481772792,0.004298027337720904,0.0042820114701269466
