scenario_id,n_weeks,n_weeks_total,pcp_mean,pcp_median,pcp_p25,pcp_p75,pcp_softmin_mean,accuracy,accuracy_softmin,mean_cv,median_cv,mean_ci_width,median_ci_width,mean_ess_ratio,scenario,tau,kappa,spearman_p,js_mean,js_median,l2_beta,l2_u,lambda_ratio,u_var_share,rank_method,temperature,dropped_season
baseline,218,218,0.6183306231977915,0.6547928578562134,0.5412203351282927,0.7489869222549541,0.2651191661058993,0.9495412844036697,0.944954128440367,1.2919796268153598,0.801030263674259,0.2641207049878588,0.298832300317125,0.9271730695738848,,,,,,,,,,,,,
A1_tau0.05_kappa10,218,218,0.697397389989374,0.7567394811392303,0.615274082835723,0.8498428736445754,0.43491977222993206,0.9587155963302753,0.9495412844036697,1.2632896148034385,0.7625788833703246,0.253250527368774,0.2890280182639183,0.8098380919938708,A1_grid,0.05,10.0,0.9980908303851623,0.0004286055573883331,0.00036766817344018445,,,,,,,
A1_tau0.025_kappa10,218,218,0.7666814917736977,0.801756693606562,0.7238478667162631,0.8887584322209341,0.5658155684172567,0.963302752293578,0.9587155963302753,1.32864568677924,0.7557573326254852,0.24866771068242755,0.28960311440214986,0.6579436997425147,A1_grid,0.025,10.0,0.9817742367661499,0.004374191502282405,0.0040821579271141635,,,,,,,
A1_tau0.05_kappa5,218,218,0.6730731963628951,0.718423951663839,0.5957829814711474,0.8420067486863007,0.40657369488649336,0.963302752293578,0.9495412844036697,1.718498083705061,1.0374673743389113,0.32616105777016796,0.37610544048412287,0.7884019847456115,A1_grid,0.05,5.0,0.991169504271001,0.001988254618017242,0.001543182732818412,,,,,,,
A1_tau0.075_kappa10,218,218,0.6505097533767306,0.7162857043477493,0.5164328619483021,0.8483909391897455,0.37031463054446995,0.9495412844036697,0.9311926605504587,1.2703176539011858,0.7998751433137912,0.2547314955700806,0.2868108620345828,0.8815034202905683,A1_grid,0.07500000000000001,10.0,0.9937167713330638,0.0018138886795394313,0.0017426820511239041,,,,,,,
A1_tau0.025_kappa5,218,218,0.7288737111218524,0.7555170674860554,0.6745325426316997,0.8837429180662388,0.5111176362148743,0.963302752293578,0.9587155963302753,1.8161658294974168,1.012618220304907,0.32322247347161104,0.3822635804784029,0.6483396467431535,A1_grid,0.025,5.0,0.9749308816501006,0.005825852758632593,0.005730259544956897,,,,,,,
A1_tau0.075_kappa5,218,218,0.6360711169281696,0.700292565876169,0.5246596914698378,0.8279504493405486,0.3524409535381244,0.9541284403669725,0.9311926605504587,1.723885342241429,1.0825454255706506,0.32725786952377456,0.37776106891968453,0.8578180299446453,A1_grid,0.07500000000000001,5.0,0.9886630623767332,0.0031125714510737276,0.0030697892053458374,,,,,,,
A1_tau0.05_kappa20,218,218,0.7186470179919314,0.7800881790660783,0.6392225400549199,0.866538036923781,0.4519142334261258,0.9587155963302753,0.944954128440367,0.9208009128334054,0.5641166523965455,0.1920685720165727,0.21585436002151714,0.8510285205813855,A1_grid,0.05,20.0,0.998958033258544,0.00016672917587063854,0.00015602298093900924,,,,,,,
A1_tau0.1_kappa10,218,218,0.6177061346349688,0.6665089858574647,0.439357694537817,0.8418158644078122,0.3299698597850472,0.9311926605504587,0.908256880733945,1.287156678840724,0.8408596146089486,0.2556701231374076,0.28226524406413267,0.9199363650844039,A1_grid,0.1,10.0,0.9842634810678084,0.004890606653249627,0.0049966075597024425,,,,,,,
A1_tau0.025_kappa20,218,218,0.7924947784531275,0.8339609323978854,0.7694121156522132,0.8889426654297851,0.5983839143627135,0.963302752293578,0.963302752293578,0.9628897410837134,0.550947521783878,0.18769462498025904,0.21686559901691943,0.702363436159159,A1_grid,0.025,20.0,0.9840133401998137,0.0041051429620458735,0.0041435023538454125,,,,,,,
A1_tau0.1_kappa5,218,218,0.6074144663483737,0.6677582063083594,0.45675467454413815,0.8228060267614341,0.31794911517329266,0.9495412844036697,0.9220183486238532,1.7475086690023682,1.1348984942043328,0.3279100193337067,0.3689388595022376,0.8983701767897091,A1_grid,0.1,5.0,0.9799514952175745,0.0059875485652074855,0.005984351609536073,,,,,,,
A1_tau0.075_kappa20,218,218,0.6712059308861812,0.7450843155179181,0.517917629172526,0.8712829272414641,0.3804508855439687,0.9357798165137615,0.926605504587156,0.9289901506834616,0.5842879310979856,0.19338746418123554,0.2160915283933854,0.9143429732317796,A1_grid,0.07500000000000001,20.0,0.9950038979438313,0.00146967344450816,0.0013777276841879095,,,,,,,
A1_tau0.1_kappa20,218,218,0.6337051217676829,0.6883454303811282,0.4480659169011131,0.871047293874188,0.3370994965442252,0.9036697247706422,0.8944954128440367,0.9343506848105061,0.6176146286440403,0.19342509920959663,0.21451487703495337,0.9448141971256088,A1_grid,0.1,20.0,0.9854666617198569,0.00454455425437671,0.004626657853627273,,,,,,,
A1_tau0.05_kappa30,218,218,0.7325387120393909,0.7967861738017525,0.6379380704191238,0.8859967399965005,0.4576825644171508,0.9541284403669725,0.9495412844036697,0.7621987294188729,0.4707983570465469,0.16168102336318668,0.18326989675143196,0.8797139339813728,A1_grid,0.05,30.0,0.9986354487904522,0.0002197926991064354,0.00015520283113558463,,,,,,,
A1_tau0.15_kappa10,218,218,0.5687306383478135,0.5897562170805977,0.35036670058503394,0.8189391862741381,0.2816626560274892,0.8761467889908257,0.8577981651376146,1.2997494076855534,0.9200406093480509,0.25580376539650007,0.2654781624748036,0.9565401749591076,A1_grid,0.15000000000000002,10.0,0.9582509212866167,0.01231915805004689,0.012102149927961403,,,,,,,
A1_tau0.025_kappa30,218,218,0.8019509838569018,0.8392825266885723,0.7803288135397488,0.8925330633227339,0.6078727668731889,0.963302752293578,0.963302752293578,0.8020710466849419,0.45183203004322037,0.15831572061099305,0.18083981306173452,0.7405182119198933,A1_grid,0.025,30.0,0.9835631481772792,0.004298027337720904,0.0042820114701269466,,,,,,,
A2_ratio0.25,218,218,0.6355243299285478,0.6717041099794826,0.5589725378506637,0.7666079728747573,0.26706442749558795,0.9495412844036697,0.944954128440367,1.3364400778546266,0.8037772604222357,0.2625577486815044,0.300912127987082,0.9315240745503154,A2_lambda_ratio,,,0.9988835457892756,0.0002701483112966104,0.00012584343915650746,0.05,0.0125,0.25,0.47491556243113064,,,
A2_ratio0.5,218,218,0.6298857501434855,0.6649008050946787,0.5546417311665944,0.7591196225388662,0.2663732783380173,0.9495412844036697,0.944954128440367,1.3157000085214299,0.8034907177914107,0.2628510453647045,0.300071632533844,0.9297883501647067,A2_lambda_ratio,,,0.9993659156973526,0.0001304486582935053,6.512393567417932e-05,0.05,0.025,0.5,0.4493474819365848,,,
A2_ratio1,218,218,0.6183306231977915,0.6547928578562134,0.5412203351282927,0.7489869222549541,0.2651191661058993,0.9495412844036697,0.944954128440367,1.2919796268153598,0.801030263674259,0.2641207049878588,0.298832300317125,0.9271730695738848,A2_lambda_ratio,,,1.0,0.0,0.0,0.05,0.05,1.0,0.41218681952690406,,,
A2_ratio2,218,218,0.6015727563431411,0.6414564337530515,0.5191880588404656,0.7372627713910226,0.26319588234442,0.9587155963302753,0.944954128440367,1.2576924837833372,0.7978821531746463,0.26561442839640365,0.2998157006862714,0.9224973942997744,A2_lambda_ratio,,,0.9991732250826122,0.0002151518000358238,0.00013180033635974058,0.05,0.1,2.0,0.3623590788925044,,,
A2_ratio4,218,218,0.577085928962997,0.6127479669311287,0.4898292056165742,0.7117673963739019,0.2600950145810454,0.9541284403669725,0.9541284403669725,1.225473309350987,0.7976046633888743,0.26766911179429465,0.30023740351125205,0.9153525661941551,A2_lambda_ratio,,,0.9973649025088858,0.0009513961003923377,0.0005976595932611116,0.05,0.2,4.0,0.3006079274834008,,,
A3_softmaxT0.5,218,218,0.6105898183969751,0.6444210520583527,0.5243440442007443,0.733558335394522,0.26152893350562817,0.9495412844036697,0.944954128440367,1.3210972837053063,0.7992935552273406,0.2635020305269099,0.30042534025076534,0.9285927622173729,A3_judge_transform,,,0.9927064118348453,0.0012740450104179561,0.00031838247657587797,,,,,softmax,0.5,
A3_softmaxT1,218,218,0.6183306231977915,0.6547928578562134,0.5412203351282927,0.7489869222549541,0.2651191661058993,0.9495412844036697,0.944954128440367,1.2919796268153598,0.801030263674259,0.2641207049878588,0.298832300317125,0.9271730695738848,A3_judge_transform,,,1.0,0.0,0.0,,,,,softmax,1.0,
A3_softmaxT2,218,218,0.6339943005805005,0.683060424538682,0.5833591282416708,0.7624412228915154,0.2725381991557914,0.9495412844036697,0.9311926605504587,1.2218748356176694,0.7948625766632695,0.26583959150249276,0.29433412934513037,0.9246961545404021,A3_judge_transform,,,0.9843704914187843,0.0027164385458801656,0.0024417420329078563,,,,,softmax,2.0,
A3_percentile,218,218,0.6407692900204328,0.745695017524743,0.5192083687185409,0.8540851089638253,0.27748964504202966,0.908256880733945,0.8623853211009175,1.0286309906296953,0.8268320315596228,0.27818533212095503,0.2939046133529135,0.9262886299406452,A3_judge_transform,,,0.7916500279833848,0.03335465134025255,0.03276851370979779,,,,,percentile,,
A4_leaveS1,215,215,0.6136574791621288,0.6516401171316644,0.5474640111091469,0.736728428889872,0.2614524307153305,0.958139534883721,0.9488372093023256,1.3161304056755843,0.800577194012895,0.26359759472562044,0.2979834888982936,0.9260496909588297,A4_leave_one_season_out,,,0.9951202430546623,0.0008102324660975031,0.0006187449241860302,,,,,,,1.0
A4_leaveS2,211,211,0.6144401666810788,0.6484075418355976,0.544070472901343,0.7453094309149052,0.26185819291627255,0.957345971563981,0.95260663507109,1.2978483898878757,0.8021197579982864,0.263779957032863,0.29741321975670676,0.92779794928641,A4_leave_one_season_out,,,0.9956130340765309,0.0007398762360845868,0.0005020163307824198,,,,,,,2.0
A4_leaveS3,212,212,0.614340303500669,0.6521738188952123,0.5264866673545043,0.7385536422276674,0.26190579107379236,0.9575471698113207,0.9481132075471698,1.2932395640621355,0.8088673801895354,0.2642643723844575,0.2988639490460248,0.9259089821949904,A4_leave_one_season_out,,,0.9946355469726205,0.0008933818423816494,0.0005634833531757222,,,,,,,3.0
A4_leaveS4,210,210,0.6174140004454529,0.6597398634005631,0.5407058527612302,0.7360175411940886,0.26147771487027544,0.9476190476190476,0.9428571428571428,1.326705573422294,0.8039452842541264,0.2636378559009595,0.29792622618941544,0.9268462325377893,A4_leave_one_season_out,,,0.9954474204055825,0.0007666822307474476,0.0005807130987046837,,,,,,,4.0
A4_leaveS5,209,209,0.619809575960924,0.6515306578154321,0.5540538696463588,0.7529145669826312,0.2633093267417691,0.9521531100478469,0.9521531100478469,1.3392306110367267,0.8087720302485418,0.2631085641480012,0.2969989022265721,0.9283876226057227,A4_leave_one_season_out,,,0.995968327603702,0.000686958699159457,0.000471887207935229,,,,,,,5.0
A4_leaveS6,211,211,0.6163543791012389,0.6578111147803396,0.5437265616540183,0.7478738593413123,0.26207077394348405,0.957345971563981,0.95260663507109,1.3230007609146148,0.8013653414677152,0.2633742146930846,0.2988474099522698,0.9269985002653603,A4_leave_one_season_out,,,0.9952564973307878,0.0007975850957269807,0.0005619665152898213,,,,,,,6.0
A4_leaveS7,212,212,0.6149045547423624,0.6501281795062291,0.5383579225299621,0.7385531650828252,0.26044925498048116,0.9528301886792453,0.9481132075471698,1.2888826780027276,0.8082878672781908,0.2641759396165999,0.2997934305687763,0.9259528588826841,A4_leave_one_season_out,,,0.9941082878335239,0.0009494013211683459,0.0005704063535794147,,,,,,,7.0
A4_leaveS8,210,210,0.618295636103817,0.66132990193841,0.5471877380097274,0.7345072693367354,0.2619744960688439,0.9523809523809523,0.9428571428571428,1.3046925740277158,0.8051527458922956,0.2643269641741478,0.299399356517228,0.9259173595286952,A4_leave_one_season_out,,,0.9955382559304562,0.000752773252322503,0.0005998998716830255,,,,,,,8.0
A4_leaveS9,213,213,0.6155748742115649,0.647361419178285,0.5507304275535404,0.7546581131482881,0.2629381885510268,0.9577464788732394,0.9483568075117371,1.293152025646794,0.8003976562510036,0.26501991646304873,0.30029376201731905,0.9259001643664759,A4_leave_one_season_out,,,0.9966078852335316,0.0005709361304026957,0.00045701665574899306,,,,,,,9.0
A4_leaveS10,210,210,0.6201330233232015,0.6638323281236218,0.5450106691080713,0.738366756296582,0.26234131243701964,0.9523809523809523,0.9476190476190476,1.309188103182558,0.8071590543666897,0.2641489255293816,0.2990484250415334,0.9267991487382482,A4_leave_one_season_out,,,0.9959663218003053,0.0006918511525702142,0.0005280888530869745,,,,,,,10.0
A4_leaveS11,209,209,0.621643898466209,0.6588964940148156,0.5625354654977928,0.7450461922753016,0.2630739140210046,0.9569377990430622,0.9521531100478469,1.337890989702,0.8081818681110702,0.26348729100071333,0.29670906512881484,0.9268771762750588,A4_leave_one_season_out,,,0.9953082738078051,0.000766854123799996,0.0005155410818648413,,,,,,,11.0
A4_leaveS12,210,210,0.6193660040927479,0.6624829616393481,0.5483814084960166,0.73867470739304,0.2612959345355368,0.9523809523809523,0.9476190476190476,1.3125139644733346,0.8064763818263866,0.2637339146821654,0.2995944835827266,0.9267675099383295,A4_leave_one_season_out,,,0.9960748691589103,0.0006662126491759626,0.0005634581751876374,,,,,,,12.0
A4_leaveS13,209,209,0.6221645005077506,0.6574665357434222,0.5597809014305334,0.7490789374703604,0.2637952042554498,0.9521531100478469,0.9521531100478469,1.3530410511203779,0.811480550932949,0.2631852177220887,0.2983485418696424,0.9277669130700514,A4_leave_one_season_out,,,0.9963260078067825,0.000654342297706883,0.0004890991766860232,,,,,,,13.0
A4_leaveS14,211,211,0.6215317007138367,0.6658754312142432,0.5340939867871725,0.755759381680569,0.26734339676128216,0.9620853080568721,0.957345971563981,1.2862165978250324,0.8016840233727214,0.264876579527058,0.30072086595596403,0.9256058681431718,A4_leave_one_season_out,,,0.9960330101405576,0.0006453889773417534,0.00040508752039585265,,,,,,,14.0
A4_leaveS15,214,214,0.6217999445829921,0.6604582760211257,0.5448505379418299,0.7496290322236334,0.26676591685857565,0.9532710280373832,0.9532710280373832,1.2651311173444741,0.8084290159499168,0.2654802717876311,0.3001765405127534,0.9249527484718,A4_leave_one_season_out,,,0.9960272734675888,0.0006663955907437554,0.0005606969687022486,,,,,,,15.0
A4_leaveS16,210,210,0.6209602310629866,0.6605271185899779,0.5517177604074783,0.7492997610764873,0.26424584407593354,0.9523809523809523,0.9476190476190476,1.3281922289640713,0.8001269288522757,0.26375422774164986,0.2974954423948063,0.9263293035219411,A4_leave_one_season_out,,,0.9960207287266277,0.0006758531704781844,0.0005714937288977283,,,,,,,16.0
A4_leaveS17,210,210,0.6259850099046043,0.6641578487713551,0.5669205744083378,0.7480702436607067,0.26570131371342665,0.9571428571428572,0.9523809523809523,1.302432915078526,0.7977339031824977,0.2639449933230946,0.2991038055272749,0.9263373007608127,A4_leave_one_season_out,,,0.9958113005303519,0.0006818057391381447,0.0005597508136261546,,,,,,,17.0
A4_leaveS18,213,213,0.6160659848903212,0.6514401377078213,0.54364766206844,0.7494862309230778,0.2621187800687269,0.9577464788732394,0.9530516431924883,1.3137210085426834,0.8102328000772084,0.26380647561788273,0.3009740345170394,0.9254991727875963,A4_leave_one_season_out,,,0.9951064374164419,0.0007538562258868919,0.0006109218841663145,,,,,,,18.0
A4_leaveS19,209,209,0.6245728524580416,0.6640316769285435,0.557237041314716,0.7486019742006731,0.2657850627150172,0.9521531100478469,0.9521531100478469,1.3530467471222087,0.8078818636458962,0.2637675503735713,0.29876909394217893,0.926713484141552,A4_leave_one_season_out,,,0.9956985962521213,0.0006801213541087929,0.0005248194298827153,,,,,,,19.0
A4_leaveS20,211,211,0.6233516441137915,0.6565294980651477,0.5443967996274444,0.7506521959378849,0.26612521728694954,0.9620853080568721,0.95260663507109,1.2594922374178394,0.7923240629399938,0.2657352395313485,0.3032111626667101,0.9252047738486884,A4_leave_one_season_out,,,0.9957558075666397,0.0006973612655910864,0.00038349512933199214,,,,,,,20.0
A4_leaveS21,214,214,0.6167260842453443,0.6577479009306838,0.5509812523018084,0.7388116189601897,0.2637982014434422,0.9485981308411215,0.9485981308411215,1.2633650335890527,0.8001331523332318,0.26567106959553344,0.30217881602867686,0.9241842026053787,A4_leave_one_season_out,,,0.995708295210546,0.0007354056472338483,0.0005569181924795304,,,,,,,21.0
A4_leaveS22,213,213,0.6204754251047557,0.6546856248971868,0.5457997843292837,0.7527178371348977,0.26613473513484137,0.9577464788732394,0.9577464788732394,1.2587306799107927,0.8012289530573107,0.2657320754645498,0.3027628211772921,0.9238135289884638,A4_leave_one_season_out,,,0.9954332463763167,0.0007753729225572809,0.0005924297280395387,,,,,,,22.0
A4_leaveS23,211,211,0.6213485283718596,0.6590187115672836,0.538806700991935,0.750566569535763,0.26548907512015196,0.9620853080568721,0.957345971563981,1.2488366690017076,0.7937651308031773,0.2657770231629204,0.30315315518267777,0.9255097837537952,A4_leave_one_season_out,,,0.9958626983115324,0.0006990802494014186,0.00041408908054486643,,,,,,,23.0
A4_leaveS24,211,211,0.6240601617477087,0.6607186166913251,0.5522836329255657,0.7465412155564276,0.2674670966902106,0.966824644549763,0.9620853080568721,1.2665249063241721,0.8003505014450045,0.26504295382704374,0.30127602624657646,0.9248512691172973,A4_leave_one_season_out,,,0.9961095995709209,0.0006551442207387591,0.0003755493675075255,,,,,,,24.0
A4_leaveS25,213,213,0.6168595340693429,0.6538403163574424,0.5491124649874359,0.7425206934368553,0.2630887087010663,0.9530516431924883,0.9530516431924883,1.2882092740762268,0.8018383857210611,0.26477434751784834,0.30213616952556727,0.9244394511677169,A4_leave_one_season_out,,,0.9947714505152768,0.0008568607476969562,0.0007002980022677288,,,,,,,25.0
A4_leaveS26,218,218,0.6180170878930951,0.6532017377785866,0.5407008026535179,0.7482392653550773,0.26507142704770653,0.9495412844036697,0.944954128440367,1.2908653001277925,0.8005726694040085,0.26417069711855257,0.29930659571267776,0.9270292722898019,A4_leave_one_season_out,,,0.9999600214714423,4.785769083884618e-06,9.773043039952823e-07,,,,,,,26.0
A4_leaveS27,213,213,0.6191166385767735,0.6540085446986692,0.5566840456534372,0.7459671740261482,0.26579530447072275,0.9530516431924883,0.9530516431924883,1.2818160426079237,0.8055970486586032,0.26553832206749256,0.30120908475628866,0.9236333652743782,A4_leave_one_season_out,,,0.995200906678761,0.0007977440728572834,0.0006116602465204017,,,,,,,27.0
A4_leaveS28,212,212,0.6186188410127788,0.6533913293577753,0.5453340773789925,0.7479477951537323,0.26486864341468674,0.9575471698113207,0.9528301886792453,1.330520737517769,0.8036638802359988,0.2630348479923673,0.29865407809400357,0.9261991660593185,A4_leave_one_season_out,,,0.9958009368684538,0.0007301747972209052,0.0005396166654143856,,,,,,,28.0
A4_leaveS29,211,211,0.6136340465103044,0.6567924828591506,0.5409224179518428,0.736292203009314,0.2674495337394802,0.957345971563981,0.95260663507109,1.2880759084402456,0.7939372772839342,0.26573352464654626,0.30270212726923684,0.9236423258918602,A4_leave_one_season_out,,,0.9961469144638821,0.0006512313934575367,0.0004001357039019564,,,,,,,29.0
A4_leaveS30,213,213,0.6177628667321476,0.649757089119464,0.5611845354317839,0.7424358868967033,0.2667831321057427,0.9530516431924883,0.9530516431924883,1.288474228172405,0.7933520939954432,0.2653718335734708,0.301574271817702,0.9234526691299328,A4_leave_one_season_out,,,0.9952499258951587,0.0007759496049795468,0.0006061578420645556,,,,,,,30.0
A4_leaveS31,212,212,0.6143181686509117,0.6444385926278247,0.5287474618010851,0.7406498428809912,0.26832756200886443,0.9622641509433962,0.9528301886792453,1.3107342399334758,0.7963066821693833,0.26518836801766965,0.3006268000924763,0.9245638000207498,A4_leave_one_season_out,,,0.9956334655385733,0.000737359687043577,0.0005202117268327471,,,,,,,31.0
A4_leaveS32,209,209,0.6273421601853272,0.6535763356198532,0.5598632768314323,0.749986268547071,0.26857649676426376,0.9473684210526315,0.9425837320574163,1.337006379876576,0.8059073926564343,0.26414897801174997,0.2971967116469133,0.9245447427173072,A4_leave_one_season_out,,,0.9947913645433322,0.0007934489134009919,0.0005804909895220795,,,,,,,32.0
A4_leaveS33,214,214,0.6166274035789363,0.656190187812403,0.5569438848155587,0.7357125155589701,0.26431489216125914,0.9485981308411215,0.9439252336448598,1.2773312692996623,0.8039090264161937,0.2647547701162124,0.3019728349343357,0.924598700821404,A4_leave_one_season_out,,,0.9958525267998646,0.0006814641560741098,0.0005462011630457665,,,,,,,33.0
A4_leaveS34,211,211,0.6201088850814558,0.6604661328683502,0.5535446629856654,0.7371293400752714,0.2660263536334615,0.957345971563981,0.957345971563981,1.2987322837776587,0.7949321210247637,0.2644401250807936,0.30236691500853086,0.9241963609405852,A4_leave_one_season_out,,,0.9963693966790572,0.000605870676564771,0.000367165637527608,,,,,,,34.0
