,celebrity_name,ballroom_partner,celebrity_industry,celebrity_homestate,celebrity_homecountry_region,celebrity_age_during_season,season,placement,placement_z,week1_judge_score_placement_z,week6_judge_score_placement_z,week11_judge_score_placement_z,week1_p_score_placement_z,week6_p_score_placement_z,week_final_p_score_placement_z
6,Tatum O'Neal,Nick Kosovich,Actor/Actress,California,United States,42,2,2,0.8393944565354644,0.965475596389824,-0.28207196371536086,-0.9938374768225666,-1.2592757305581308,,
7,Tia Carrere,Maksim Chmerkoskiy,Actor/Actress,Hawaii,United States,39,2,5,-0.6790079737216957,-0.6287068891583505,0.1505023200466971,-0.5861218137678121,0.039766602017625184,-1.0612742941888371,
8,George Hamilton,Edyta Sliwinska,Actor/Actress,Tennessee,United States,66,2,6,-1.185142117140749,-1.691495212857134,0.5830766038087555,-0.17840615071305746,0.40208453151154355,-0.6207453418840368,
9,Lisa Rinna,Louis van Amstel,Actor/Actress,California,United States,42,2,7,-1.6912762605598022,-1.1601010510077423,1.0156508875708135,0.22930951234169678,1.170905503852297,0.5206251254511276,
10,Stacy Keibler,Tony Dovolani,Athlete,Maryland,United States,26,2,3,0.33326031311641086,0.4340814345404327,1.448225171332872,1.0447408384512056,1.215090617205214,-1.6419715494997102,-0.7490253407188311
11,Jerry Rice,Anna Trebunskaya,Athlete,Mississippi,United States,43,2,2,0.8393944565354644,-0.09731272730895914,0.5830766038087555,0.6370251753964514,1.621593660052049,1.301562813627819,1.560469459830898
12,Giselle Fernandez,Jonathan Roberts,News Anchor,,Mexico,44,2,3,0.33326031311641086,0.965475596389824,0.1505023200466971,-0.5861218137678121,-0.5611509395820443,,
13,Master P,Ashly DelGrosso,Singer/Rapper,Louisiana,United States,35,2,4,-0.17287383030264236,-2.7542835365559166,-1.1472205312394774,-1.8092688029320754,0.0662776700293753,,
14,Drew Lachey,Cheryl Burke,Singer/Rapper,Ohio,United States,29,2,1,1.3455285999545175,1.4968697582392159,1.448225171332872,1.4524565015059603,-1.5597345013579655,1.4817792032070556,-1.2171661786681005
15,Kenny Mayne,Andrea Hale,Sports Broadcaster,Washington,United States,46,2,1,1.3455285999545175,-2.2228893747065253,-0.7146462474774192,-1.401553139877321,-1.3034608439110478,,
16,Harry Hamlin,Ashly DelGrosso,Actor/Actress,California,United States,54,3,3,0.47787006837899765,-1.691495212857134,-0.7146462474774192,-0.9938374768225666,-0.7113803249819617,,
17,Vivica A. Fox,Nick Kosovich,Actor/Actress,Indiana,United States,42,3,4,0.04404080259123754,0.4340814345404327,0.1505023200466971,-0.17840615071305746,-0.578824984923211,,
18,Monique Coleman,Louis van Amstel,Actor/Actress,South Carolina,United States,25,3,8,-1.6912762605598022,-0.6287068891583505,-0.28207196371536086,0.22930951234169678,0.38441048617037676,,
19,Joey Lawrence,Edyta Sliwinska,Actor/Actress,Pennsylvania,United States,30,3,3,0.47787006837899765,-0.09731272730895914,0.1505023200466971,1.0447408384512056,1.2946238212404644,,
20,Mario Lopez,Karina Smirnoff,Actor/Actress,California,United States,32,3,2,0.9116993341667574,1.4968697582392159,1.448225171332872,1.4524565015059603,-1.7011268640872996,,
21,Emmitt Smith,Cheryl Burke,Athlete,Florida,United States,37,3,1,1.3455285999545175,0.965475596389824,0.5830766038087555,1.4524565015059603,0.9057948237347959,,
22,Shanna Moakler,Jesse DeSoto,Model,Rhode Island,United States,31,3,2,0.9116993341667574,-1.1601010510077423,-0.7146462474774192,-0.9938374768225666,-0.6848692569702115,,
23,Willa Ford,Maksim Chmerkoskiy,Singer/Rapper,Florida,United States,25,3,5,-0.3897884631965224,0.4340814345404327,1.0156508875708135,0.6370251753964514,1.0383501637935464,,
25,Jerry Springer,Kym Johnson,TV Personality,,England,62,3,7,-1.2574469947720424,-2.2228893747065253,-1.1472205312394774,-0.5861218137678121,0.013255534005875062,,
26,Tucker Carlson,Elena Grinenko,TV Personality,California,United States,37,3,1,1.3455285999545175,-2.7542835365559166,-1.5797948150015357,-1.401553139877321,-1.4360161839697982,,
27,John Ratzenberger,Edyta Sliwinska,Actor/Actress,Connecticut,United States,59,4,7,-0.9320750454312223,-0.8944039700830464,-0.4983591055963901,-0.3822639822404348,0.14581087406462567,-0.8610338613230188,
28,Ian Ziering,Cheryl Burke,Actor/Actress,New Jersey,United States,42,4,9,-1.6912762605598022,0.5403602669103111,0.6695914605611673,1.0855124047566813,0.5699879622526276,0.22026447615240016,
29,Clyde Drexler,Elena Grinenko,Athlete,Louisiana,United States,44,4,5,-0.17287383030264236,-1.3726587157474988,-1.2769928163680948,-1.8500403692375509,-0.38441048617037676,,
30,Laila Ali,Maksim Chmerkoskiy,Athlete,Florida,United States,29,4,3,0.5863273848259376,1.0186150125747635,1.448225171332872,0.3516242112581231,0.30487728213512644,-1.2615147270546554,0.9987004542917747
31,Apolo Anton Ohno,Julianne Hough,Athlete,Washington,United States,24,4,1,1.3455285999545175,0.5403602669103111,1.448225171332872,1.4524565015059603,1.7276379320990496,1.7220677226460377,-1.3732131246511903
32,Shandi Finnessey,Brian Fortuna,Beauty Pagent,Missouri,United States,28,4,3,0.5863273848259376,0.0621055212458583,-0.10904225021053778,-0.7492080789897138,-0.5081288035585441,,
33,Paulina Porizkova,Alec Mazo,Model,,Czechoslovakia,41,4,2,0.9659279923902276,0.0621055212458583,-0.10904225021053778,-0.7492080789897138,-0.9853280277700462,,
34,Heather Mills,Jonathan Roberts,Model,,England,39,4,6,-0.5524744378669323,-0.41614922441859403,0.28027460517531455,-0.015319885491155854,0.39324750884096016,,
35,Billy Ray Cyrus,Karina Smirnoff,Singer/Rapper,Kentucky,United States,45,4,8,-1.3116756529955123,-2.3291682070764037,-0.10904225021053778,-1.116152175738993,0.5346398715702941,0.08009617314632733,
36,Joey Fatone,Kym Johnson,Singer/Rapper,New York,United States,30,4,2,0.9659279923902276,1.4968697582392159,1.0589083159470196,0.7185683080074025,-1.5774085466991323,-1.1814185539083282,0.780234729915449
37,Leeza Gibbons,Tony Dovolani,TV Personality,South Carolina,United States,50,4,4,0.20672677726164762,-1.8509134614119513,-0.8876759609822423,-1.483096272488272,-1.0648612318052966,,
38,Cameron Mathison,Edyta Sliwinska,Actor/Actress,,Canada,38,5,8,-1.3116756529955123,0.1925386336998002,0.38645192937145634,0.4516998740079267,0.6053360529349612,-0.20024043286581833,
39,Jane Seymour,Tony Dovolani,Actor/Actress,,England,56,5,7,-0.9320750454312223,0.627315675212939,-0.32139689860282095,0.11811433150858201,-0.022092556676458437,-0.961154077755928,
40,Sabrina Bryan,Mark Ballas,Actor/Actress,California,United States,23,5,6,-0.5524744378669323,1.4968697582392159,0.38645192937145634,0.11811433150858201,-1.7276379320990496,,
41,Jennie Garth,Derek Hough,Actor/Actress,Illinois,United States,35,5,9,-1.6912762605598022,0.1925386336998002,0.740376343358595,1.4524565015059603,1.0825352771464634,0.360432779158473,
42,Floyd Mayweather Jr.,Karina Smirnoff,Athlete,Michigan,United States,30,5,4,0.20672677726164762,-0.6770154493264773,0.032527515384317696,-0.21547121099076266,-0.2695291914527929,,
43,Josie Maran,Alec Mazo,Model,California,United States,29,5,1,1.3455285999545175,-1.1117924908396157,-1.3831701405642365,-1.2162278384887963,-1.0560242091347132,,
44,Albert Reed,Anna Trebunskaya,Model,Florida,United States,22,5,2,0.9659279923902276,0.1925386336998002,-0.6753213125899594,-0.5490567534901072,-0.5169658262291273,,
45,Helio Castroneves,Julianne Hough,Racing Driver,,Brazil,32,5,1,1.3455285999545175,1.0620927167260772,1.0943007573457333,0.7852854165072713,0.2430181234410428,0.961154077755928,-0.780234729915449
46,Mel B,Maksim Chmerkoskiy,Singer/Rapper,,England,32,5,2,0.9659279923902276,0.627315675212939,1.448225171332872,1.1188709590066157,1.2239276398757974,-1.7220677226460377,-1.3420037354545722
47,Wayne Newton,Cheryl Burke,Singer/Rapper,Virginia,United States,65,5,3,0.5863273848259376,-0.24223840781333855,-1.0292457265770978,-0.8826422959894517,-0.8881207783936291,,
48,Marie Osmond,Jonathan Roberts,Singer/Rapper,Utah,United States,47,5,3,0.5863273848259376,0.1925386336998002,0.032527515384317696,-0.21547121099076266,1.6481047280637993,1.541851333066801,1.6228882382241339
49,Mark Cuban,Kym Johnson,TV Personality,Pennsylvania,United States,49,5,5,-0.17287383030264236,0.1925386336998002,-0.6753213125899594,-0.5490567534901072,0.11046278338229218,,
50,Cristian de la Fuente,Cheryl Burke,Actor/Actress,,Chile,34,6,3,0.5863273848259376,0.1925386336998002,0.740376343358595,0.4516998740079267,1.6304306827226325,1.6419715494997102,0.9674910650951568
51,Steve Guttenberg,Anna Trebunskaya,Actor/Actress,New York,United States,49,6,3,0.5863273848259376,-0.24223840781333855,-0.32139689860282095,-0.21547121099076266,-1.4006680932874649,,
52,Priscilla Presley,Louis van Amstel,Actor/Actress,New York,United States,62,6,5,-0.17287383030264236,1.0620927167260772,-0.32139689860282095,-0.21547121099076266,-0.861609710381879,,
53,Marlee Matlin,Fabian Sanchez,Actor/Actress,Illinois,United States,42,6,6,-0.5524744378669323,0.627315675212939,-0.32139689860282095,-0.21547121099076266,-0.36673644082921003,,
54,Shannon Elizabeth,Derek Hough,Actor/Actress,Texas,United States,34,6,7,-0.9320750454312223,0.1925386336998002,0.032527515384317696,0.11811433150858201,-0.16348491940579243,-1.081298337475419,
55,Marissa Jaret Winokur,Tony Dovolani,Actor/Actress,New York,United States,35,6,9,-1.6912762605598022,-0.24223840781333855,0.38645192937145634,0.4516998740079267,0.6141730756055445,-0.020024043286581833,
56,Jason Taylor,Edyta Sliwinska,Athlete,Pennsylvania,United States,33,6,2,0.9659279923902276,0.627315675212939,0.032527515384317696,1.1188709590066157,1.7188009094284662,-1.4817792032070556,0.8114441191120669
57,Kristi Yamaguchi,Mark Ballas,Athlete,California,United States,36,6,1,1.3455285999545175,1.4968697582392159,1.448225171332872,1.4524565015059603,-1.665778773404966,0.9010819478961825,-1.654097627420752
58,Monica Seles,Jonathan Roberts,Athlete,,Yugoslavia,34,6,2,0.9659279923902276,-1.1117924908396157,-1.3831701405642365,-1.2162278384887963,0.08395171537054205,,
59,Penn Jillette,Kym Johnson,Magician,Massachusetts,United States,53,6,2,0.9659279923902276,-0.6770154493264773,-1.0292457265770978,-0.8826422959894517,-0.3137143048057098,,
60,Adam Carolla,Julianne Hough,Radio Personality,California,United States,43,6,4,0.20672677726164762,-1.1117924908396157,-0.6753213125899594,-0.5490567534901072,-0.7820765063466286,,
61,Mario,Karina Smirnoff,Singer/Rapper,Maryland,United States,21,6,8,-1.3116756529955123,1.0620927167260772,1.0943007573457333,0.7852854165072713,0.5434768942408775,0.10012021643290916,
62,Ted McGinley,Inna Brayer,Actor/Actress,California,United States,50,7,1,1.3455285999545175,-0.6770154493264773,-0.6753213125899594,-0.21547121099076266,-0.19883301008812593,,
63,Cloris Leachman,Corky Ballas,Actor/Actress,Iowa,United States,82,7,6,-0.5524744378669323,-1.5465695323527542,-1.737094554551375,-1.2162278384887963,-0.6760322342996281,,
64,Susan Lucci,Tony Dovolani,Actor/Actress,New York,United States,61,7,7,-0.9320750454312223,-0.6770154493264773,0.38645192937145634,0.7852854165072713,-0.11046278338229218,-1.0412502509022552,
65,Cody Linley,Julianne Hough,Actor/Actress,Texas,United States,18,7,9,-1.6912762605598022,0.1925386336998002,0.38645192937145634,0.4516998740079267,0.7555654383348785,0.5006010821645458,
67,Maurice Greene,Cheryl Burke,Athlete,Kansas,United States,34,7,8,-1.3116756529955123,-0.24223840781333855,-0.32139689860282095,0.7852854165072713,0.32255132747629317,-0.5006010821645458,
68,Warren Sapp,Kym Johnson,Athlete,Florida,United States,35,7,2,0.9659279923902276,0.627315675212939,0.740376343358595,1.1188709590066157,1.568571524028549,1.441731116633892,0.9050722867019209
69,Jeffrey Ross,Edyta Sliwinska,Comedian,New Jersey,United States,43,7,1,1.3455285999545175,-1.9813465738658929,-2.0910189685385134,-1.5498133809881407,-0.04860362468820856,,
70,Toni Braxton,Alec Mazo,Singer/Rapper,Maryland,United States,40,7,5,-0.17287383030264236,1.0620927167260772,0.032527515384317696,0.11811433150858201,-0.8085875743583788,,
71,Lance Bass,Lacey Schwimmer,Singer/Rapper,Mississippi,United States,29,7,3,0.5863273848259376,0.627315675212939,1.448225171332872,1.1188709590066157,1.4802012973227152,1.2815387703412373,0.8426535083086849
72,Kim Kardashian,Mark Ballas,TV Personality,California,United States,27,7,2,0.9659279923902276,-0.6770154493264773,-1.3831701405642365,-0.8826422959894517,0.2518551461116262,,
73,Rocco DiSpirito,Karina Smirnoff,TV Personality,New York,United States,41,7,4,0.20672677726164762,-1.1117924908396157,-1.0292457265770978,-0.5490567534901072,-1.0825352771464634,,
74,Brooke Burke,Derek Hough,TV Personality,Connecticut,United States,37,7,1,1.3455285999545175,1.4968697582392159,1.0943007573457333,1.4524565015059603,-1.6569417507343827,-1.7020436793594558,-1.591678849027516
75,Gilles Marini,Cheryl Burke,Actor/Actress,,France,33,8,2,1.0081058376751486,1.4968697582392159,0.7993637456897847,1.1466697542148943,-1.6392677053932159,-1.1213464240485826,-0.3120938919661796
76,Denise Richards,Maksim Chmerkoskiy,Actor/Actress,Illinois,United States,38,8,3,0.6706830753957799,-0.4958583486960025,-0.4983591055963901,-1.2996242241136324,-1.2681127532287142,,
77,David Alan Grier,Kym Johnson,Actor/Actress,Michigan,United States,52,8,5,-0.004162449162957839,-0.09731272730895914,0.1505023200466971,-0.3822639822404348,-0.9411429144171294,,
78,Lawrence Taylor,Edyta Sliwinska,Athlete,Virginia,United States,50,8,7,-0.6790079737216957,-1.29294959147009,0.1505023200466971,-0.6880507295315006,-0.23418110077045942,,
79,Ty Murray,Chelsie Hightower,Athlete,Arizona,United States,39,8,10,-1.6912762605598022,-1.691495212857134,-0.17392839277484626,-0.07647723494936881,1.0648612318052966,0.42050490901821846,
80,Shawn Johnson,Mark Ballas,Athlete,Iowa,United States,17,8,1,1.3455285999545175,1.098324136852172,0.7993637456897847,1.4524565015059603,1.3653200026051313,1.4016830300607284,-1.4980506814376622
81,Steve Wozniak,Karina Smirnoff,Entrepreneur,California,United States,58,8,4,0.33326031311641086,-2.0900408342441774,-0.8227898184179336,-1.6054109714046985,0.35789941815862664,,
82,Belinda Carlisle,Jonathan Roberts,Singer/Rapper,California,United States,50,8,2,1.0081058376751486,-0.8944039700830464,-0.17392839277484626,-0.9938374768225666,-1.3653200026051313,,
83,Chuck Wicks,Julianne Hough,Singer/Rapper,Delaware,United States,29,8,8,-1.0164307360010645,0.30123289407808473,0.4749330328682409,0.22930951234169678,0.578824984923211,-0.7609136448901096,
84,Lil' Kim,Derek Hough,Singer/Rapper,New York,United States,34,8,9,-1.3538534982804333,0.6997785154651286,1.448225171332872,0.5350962596327627,0.46394369020562715,-1.5018032464936375,
85,Steve-O,Lacey Schwimmer,TV Personality,,England,34,8,6,-0.34158521144232684,-0.8944039700830464,-0.4983591055963901,-1.2996242241136324,-0.3490623954880433,,
86,Holly Madison,Dmitry Chaplin,TV Personality,Oregon,United States,30,8,4,0.33326031311641086,-0.4958583486960025,-0.4983591055963901,-1.2996242241136324,0.6318471209467112,,
87,Melissa Rycroft,Tony Dovolani,TV Personality,Texas,United States,26,8,3,0.6706830753957799,1.098324136852172,1.123794458511328,0.8408830069238288,1.5950825920402991,1.6219475062131283,1.4356319030444262
88,Ashley Hamiliton,Edyta Sliwinska,Actor/Actress,California,United States,34,9,1,1.3455285999545175,-2.2608461005529104,-1.3326095099946453,-1.1685727609888898,0.18115896474695917,,
89,Debi Mazar,Maksim Chmerkoskiy,Actor/Actress,New York,United States,45,9,3,0.5863273848259376,-1.2360145027005125,-1.8887764462601486,-1.69277861348786,0.2076700327587093,,
90,Melissa Joan Hart,Mark Ballas,Actor/Actress,New York,United States,33,9,6,-0.5524744378669323,-0.8944039700830464,-0.4983591055963901,-0.1201610559909499,0.4285955995232937,,
91,Mark Dacascos,Lacey Schwimmer,Actor/Actress,Hawaii,United States,45,9,7,-0.9320750454312223,-0.21118290484811408,0.6139747669346167,-0.9064698347394048,0.3755734634997934,,
92,Chuck Liddell,Anna Trebunskaya,Athlete,California,United States,39,9,4,0.20672677726164762,-1.2360145027005125,-1.8887764462601486,-1.69277861348786,-1.0118390957817964,,
93,Natalie Coughlin,Alec Mazo,Athlete,California,United States,27,9,5,-0.17287383030264236,-0.5527934374655805,-0.7764425737291418,-0.64436690848992,-0.6230100982761279,,
94,Louie Vito,Chelsie Hightower,Athlete,Ohio,United States,21,9,6,-0.5524744378669323,-0.5527934374655805,-0.22027563746363849,0.1419418702585354,0.6671952116290447,,
95,Michael Irvin,Anna Demidova,Athlete,Florida,United States,43,9,7,-0.9320750454312223,-1.9192355679354445,-1.0545260418618934,-0.3822639822404348,0.5964990302643778,,
96,Joanna Krupa,Derek Hough,Model,,Poland,30,9,9,-1.6912762605598022,1.4968697582392159,1.448225171332872,0.9282506490069902,-1.6039196147108825,,
97,Kathy Ireland,Tony Dovolani,Model,California,United States,46,9,2,0.9659279923902276,-1.5776250353179784,-1.6106929781273969,-1.4306756872383748,-0.8350986423701289,,
99,Macy Gray,Jonathan Roberts,Singer/Rapper,Ohio,United States,42,9,1,1.3455285999545175,-2.2608461005529104,-1.3326095099946453,-1.1685727609888898,-0.039766602017625184,,
100,Aaron Carter,Karina Smirnoff,Singer/Rapper,Florida,United States,21,9,8,-1.3116756529955123,1.15525922562175,0.8920582350673683,0.40404479650802033,-0.08395171537054205,,
101,Mya,Dmitry Chaplin,Singer/Rapper,Washington D.C.,United States,29,9,2,0.9659279923902276,0.8136486930042836,1.1701417032001202,1.1903535752564753,0.2606921687822095,,-0.4681408379492694
102,Donny Osmond,Kym Johnson,Singer/Rapper,Utah,United States,51,9,1,1.3455285999545175,0.1304276277693518,0.33589129880186513,1.4524565015059603,1.144394435840547,,-1.52926007063428
103,Kelly Osbourne,Louis van Amstel,TV Personality,,England,24,9,3,0.5863273848259376,0.4720381603868177,0.057807830669113526,0.6661477227575052,1.2504387078875474,,1.4980506814376622
104,Aiden Turner,Edyta Sliwinska,Actor/Actress,,England,32,10,4,0.20672677726164762,-1.3726587157474988,-1.6663096717539472,-1.483096272488272,-0.8704467330524623,,
105,Shannen Doherty,Mark Ballas,Actor/Actress,Tennessee,United States,38,10,2,0.9659279923902276,-0.41614922441859403,-1.2769928163680948,-1.116152175738993,-1.5067123653344654,,
106,Niecy Nash,Louis van Amstel,Actor/Actress,California,United States,40,10,8,-1.3116756529955123,-0.41614922441859403,-0.4983591055963901,-0.7492080789897138,0.18999598741754256,-0.480577038877964,
107,Buzz Aldrin,Ashly DelGrosso,Astronaut,New Jersey,United States,80,10,3,0.5863273848259376,-1.8509134614119513,-2.444943382525652,-2.21698446598683,-1.4802012973227152,,
108,Chad Ochocinco,Cheryl Burke,Athlete,Florida,United States,32,10,9,-1.6912762605598022,-0.41614922441859403,0.6695914605611673,0.3516242112581231,1.0913722998170468,0.9411300344693462,
109,Evan Lysacek,Anna Trebunskaya,Athlete,Illinois,United States,24,10,2,0.9659279923902276,1.0186150125747635,-0.10904225021053778,0.7185683080074025,0.8350986423701289,-1.2815387703412373,0.5617690055391232
110,Pamela Anderson,Damian Whitewood,Model,,Canada,42,10,7,-0.9320750454312223,0.5403602669103111,0.28027460517531455,-0.015319885491155854,1.1885795491934639,-0.28033660601214566,
111,Nicole Scherzinger,Derek Hough,Singer/Rapper,Hawaii,United States,31,10,1,1.3455285999545175,1.4968697582392159,1.448225171332872,1.4524565015059603,-1.621593660052049,-1.3616349434875645,-1.716516405813988
112,Erin Andrews,Maksim Chmerkoskiy,Sports Broadcaster,Maine,United States,32,10,3,0.5863273848259376,0.5403602669103111,1.0589083159470196,1.0855124047566813,1.7011268640872996,1.7020436793594558,1.1547474002748646
113,Kate Gosselin,Tony Dovolani,TV Personality,Pennsylvania,United States,35,10,5,-0.17287383030264236,-0.8944039700830464,-2.0556265271397995,-1.8500403692375509,-0.47278071287621054,,
114,Jake Pavelka,Chelsie Hightower,TV Personality,Texas,United States,32,10,6,-0.5524744378669323,0.0621055212458583,-0.8876759609822423,-0.3822639822404348,-0.18115896474695917,,
115,David Hasselhoff,Kym Johnson,Actor/Actress,Maryland,United States,58,11,1,1.3455285999545175,-1.1117924908396157,-1.737094554551375,-1.5498133809881407,-1.5332234333462154,,
116,Florence Henderson,Corky Ballas,Actor/Actress,Indiana,United States,76,11,5,-0.17287383030264236,-0.24223840781333855,-1.0292457265770978,-0.8826422959894517,-0.3313883501468765,,
117,Kyle Massey,Lacey Schwimmer,Actor/Actress,Georgia,United States,19,11,2,0.9659279923902276,1.0620927167260772,0.38645192937145634,0.4516998740079267,1.4183421386286317,1.42170707334731,0.7178159515222131
118,Jennifer Grey,Derek Hough,Actor/Actress,New York,United States,50,11,1,1.3455285999545175,1.4968697582392159,0.032527515384317696,1.1188709590066157,-1.6304306827226325,-1.5818994196399647,-1.6853070166173698
119,Rick Fox,Cheryl Burke,Athlete,,Canada,41,11,7,-0.9320750454312223,0.627315675212939,0.740376343358595,0.11811433150858201,0.49929178088796067,-0.8009617314632733,
120,Kurt Warner,Anna Trebunskaya,Athlete,Iowa,United States,39,11,8,-1.3116756529955123,0.1925386336998002,-0.6753213125899594,-0.5490567534901072,1.117883367828797,0.28033660601214566,
121,Margaret Cho,Louis van Amstel,Comedian,California,United States,41,11,3,0.5863273848259376,-1.1117924908396157,-1.3831701405642365,-1.2162278384887963,-0.6937062796407949,,
122,Michael Bolton,Chelsie Hightower,Singer/Rapper,Connecticut,United States,57,11,2,0.9659279923902276,-0.6770154493264773,-2.444943382525652,-2.21698446598683,-1.1002093224876301,,
123,Brandy,Maksim Chmerkoskiy,Singer/Rapper,Mississippi,United States,31,11,9,-1.6912762605598022,1.0620927167260772,1.448225171332872,0.7852854165072713,0.23418110077045942,-1.0012021643290916,
124,The Situation,Karina Smirnoff,TV Personality,New York,United States,28,11,4,0.20672677726164762,-1.1117924908396157,-2.0910189685385134,-1.8833989234874853,-0.3402253728174599,,
125,Audrina Patridge,Tony Dovolani,TV Personality,California,United States,25,11,6,-0.5524744378669323,0.1925386336998002,1.0943007573457333,1.4524565015059603,0.22534407809987606,,
126,Bristol Palin,Mark Ballas,TV Personality,Alaska,United States,19,11,3,0.5863273848259376,-0.24223840781333855,-0.32139689860282095,-0.21547121099076266,1.6922898414167162,1.6019234629265466,1.0611192326850107
127,Ralph Macchio,Karina Smirnoff,Actor/Actress,New York,United States,49,12,9,-1.6912762605598022,1.4968697582392159,-0.10904225021053778,0.3516242112581231,-1.5950825920402991,-1.1613945106217463,
128,Chelsea Kane,Mark Ballas,Actor/Actress,Arizona,United States,22,12,3,0.5863273848259376,0.5403602669103111,1.448225171332872,1.4524565015059603,1.1532314585111303,0.8610338613230188,-1.0299098434883927
129,Kirstie Alley,Maksim Chmerkoskiy,Actor/Actress,Kansas,United States,60,12,2,0.9659279923902276,1.0186150125747635,0.6695914605611673,1.0855124047566813,0.3313883501468765,1.5218272897802192,1.654097627420752
130,Hines Ward,Kym Johnson,Athlete,,South Korea,35,12,1,1.3455285999545175,0.5403602669103111,1.0589083159470196,1.4524565015059603,1.6392677053932159,-1.301562813627819,-0.8738628975053029
131,Sugar Ray Leonard,Anna Trebunskaya,Athlete,North Carolina,United States,54,12,4,0.20672677726164762,-0.8944039700830464,-0.8876759609822423,-0.7492080789897138,-0.6583581889584614,,
132,Chris Jericho,Cheryl Burke,Athlete,New York,United States,40,12,6,-0.5524744378669323,0.0621055212458583,-0.4983591055963901,-0.3822639822404348,-0.2430181234410428,,
133,Petra Nemcova,Dmitry Chaplin,Model,,Czechoslovakia,31,12,5,-0.17287383030264236,-0.41614922441859403,-0.4983591055963901,-0.3822639822404348,0.2695291914527929,,
134,Mike Catherwood,Lacey Schwimmer,Radio Personality,California,United States,32,12,2,0.9659279923902276,-1.8509134614119513,-1.2769928163680948,-1.116152175738993,-0.7732394836760452,,
135,Romeo,Chelsie Hightower,Singer/Rapper,Louisiana,United States,21,12,8,-1.3116756529955123,0.0621055212458583,1.448225171332872,0.7185683080074025,0.8262616196995455,1.1213464240485826,
136,Wendy Williams,Tony Dovolani,TV Personality,New Jersey,United States,46,12,3,0.5863273848259376,-1.3726587157474988,-1.6663096717539472,-1.483096272488272,-1.0295131411229632,,
137,Kendra Wilkinson,Louis van Amstel,TV Personality,California,United States,25,12,7,-0.9320750454312223,-0.41614922441859403,0.28027460517531455,-0.015319885491155854,0.4109215541821269,-0.6607934284572005,
138,Elisabetta Canalis,Valentin Chmerkovskiy,Actor/Actress,,Italy,33,13,2,0.9659279923902276,-1.5465695323527542,0.032527515384317696,-0.8826422959894517,-0.9941650504406296,,
139,David Arquette,Kym Johnson,Actor/Actress,Virginia,United States,40,13,7,-0.9320750454312223,-0.24223840781333855,0.740376343358595,-0.21547121099076266,0.1369738513940423,-1.0212262076156735,
140,Ricki Lake,Derek Hough,Actor/Actress,New York,United States,42,13,3,0.5863273848259376,0.627315675212939,1.448225171332872,0.7852854165072713,1.0118390957817964,-1.6619955927862922,0.49935022714588734
141,J.R. Martinez,Karina Smirnoff,Actor/Actress,Louisiana,United States,28,13,1,1.3455285999545175,1.4968697582392159,1.448225171332872,1.1188709590066157,-0.8527726877112957,1.4617551599204737,1.3107943462579543
142,Metta World Peace (Ron),Peta Murgatroyd,Athlete,New York,United States,31,13,1,1.3455285999545175,-1.9813465738658929,-1.0292457265770978,-1.5498133809881407,-1.3741570252757147,,
143,Hope Solo,Maksim Chmerkoskiy,Athlete,Washington,United States,30,13,9,-1.6912762605598022,1.0620927167260772,-0.32139689860282095,0.4516998740079267,0.6937062796407949,-0.040048086573163666,
144,Chynna Phillips,Tony Dovolani,Singer/Rapper,California,United States,43,13,4,0.20672677726164762,1.4968697582392159,0.032527515384317696,-0.8826422959894517,-1.568571524028549,,
145,Kristin Cavallari,Mark Ballas,TV Personality,Colorado,United States,24,13,3,0.5863273848259376,0.1925386336998002,1.0943007573457333,0.11811433150858201,-0.5876620075937944,,
146,Carson Kressley,Anna Trebunskaya,TV Personality,Pennsylvania,United States,41,13,5,-0.17287383030264236,-0.6770154493264773,-0.6753213125899594,-1.2162278384887963,-0.1016257607117088,,
147,Chaz Bono,Lacey Schwimmer,TV Personality,California,United States,42,13,6,-0.5524744378669323,-0.6770154493264773,-0.6753213125899594,-1.2162278384887963,0.04860362468820856,,
148,Nancy Grace,Tristan MacManus,TV Personality,Georgia,United States,51,13,8,-1.3116756529955123,-1.1117924908396157,1.0943007573457333,-0.5490567534901072,1.3476459572639645,0.480577038877964,
149,Rob Kardashian,Cheryl Burke,TV Personality,California,United States,24,13,2,0.9659279923902276,-1.1117924908396157,0.38645192937145634,1.4524565015059603,1.709963886757883,1.0612742941888371,-1.4356319030444262
150,William Levy,Cheryl Burke,Actor/Actress,,Cuba,31,14,3,0.5863273848259376,1.0620927167260772,0.740376343358595,1.1188709590066157,1.4890383199932986,-1.5218272897802192,0.9362816758985388
151,Jack Wagner,Anna Trebunskaya,Actor/Actress,Missouri,United States,52,14,3,0.5863273848259376,0.627315675212939,-1.0292457265770978,-0.21547121099076266,-1.1090463451582135,,
152,Sherri Sheperd,Valentin Chmerkovskiy,Actor/Actress,Illinois,United States,44,14,4,0.20672677726164762,0.627315675212939,-1.3831701405642365,-0.5490567534901072,-0.7290543703231284,,
153,Jaleel White,Kym Johnson,Actor/Actress,California,United States,35,14,7,-0.9320750454312223,1.4968697582392159,1.0943007573457333,0.11811433150858201,-1.524386410675632,,
154,Roshon Fegan,Chelsie Hightower,Actor/Actress,California,United States,20,14,8,-1.3116756529955123,0.627315675212939,-0.6753213125899594,0.4516998740079267,1.3211348892522146,-0.6808174717437823,
155,Melissa Gilbert,Maksim Chmerkoskiy,Actor/Actress,California,United States,47,14,8,-1.3116756529955123,-0.24223840781333855,0.032527515384317696,0.11811433150858201,1.0560242091347132,0.40048086573163666,
156,Martina Navratilova,Tony Dovolani,Athlete,,Czechoslovakia,55,14,2,0.9659279923902276,-0.24223840781333855,-2.0910189685385134,-1.2162278384887963,-1.382994047946298,,
157,Donald Driver,Peta Murgatroyd,Athlete,Texas,United States,37,14,1,1.3455285999545175,0.1925386336998002,0.38645192937145634,1.1188709590066157,1.3122978665816312,0.7408896016035278,0.6866065623255951
158,Gavin DeGraw,Karina Smirnoff,Singer/Rapper,New York,United States,35,14,5,-0.17287383030264236,-0.24223840781333855,-1.737094554551375,-0.8826422959894517,-0.46394369020562715,,
159,Gladys Knight,Tristan MacManus,Singer/Rapper,Georgia,United States,67,14,6,-0.5524744378669323,0.627315675212939,-1.0292457265770978,-0.21547121099076266,-0.07511469269995869,,
160,Katherine Jenkins,Mark Ballas,Singer/Rapper,,Wales,31,14,2,0.9659279923902276,1.4968697582392159,1.448225171332872,1.4524565015059603,-1.1620684811817137,0.9211059911827643,-1.1235380110782465
161,Maria Menounos,Derek Hough,TV Personality,Massachusetts,United States,33,14,9,-1.6912762605598022,0.1925386336998002,-0.32139689860282095,0.7852854165072713,1.3918310706168815,0.9811781210425098,
175,Ingo Rademacher,Kym Johnson,Actor/Actress,,Germany,41,16,9,-1.3538534982804333,0.5403602669103111,0.28027460517531455,0.3516242112581231,0.437432622193877,0.46055299559138213,
176,Zendaya,Valentin Chmerkovskiy,Actor/Actress,California,United States,16,16,2,1.0081058376751486,1.4968697582392159,0.6695914605611673,1.4524565015059603,-1.6746157960755494,-1.4617551599204737,-0.9362816758985388
178,Victor Ortiz,Lindsay Arnold,Athlete,Kansas,United States,26,16,6,-0.34158521144232684,-0.41614922441859403,-0.8876759609822423,-0.3822639822404348,-0.35789941815862664,,
179,Alexandra Raisman,Mark Ballas,Athlete,Massachusetts,United States,18,16,10,-1.6912762605598022,1.0186150125747635,1.0589083159470196,1.0855124047566813,1.0295131411229632,0.0600721298597455,1.2483755678647184
180,Jacoby Jones,Karina Smirnoff,Athlete,Louisiana,United States,28,16,3,0.6706830753957799,0.5403602669103111,-0.10904225021053778,0.7185683080074025,1.07369825447588,1.1413704673351643,1.4044225138478081
181,D. L. Hughley,Cheryl Burke,Comedian,Virginia,United States,50,16,5,-0.004162449162957839,-1.3726587157474988,-1.2769928163680948,-0.7492080789897138,-0.7997505516877954,,
182,Andy Dick,Sharna Burgess,Comedian,South Carolina,United States,47,16,7,-0.6790079737216957,-0.8944039700830464,-0.4983591055963901,-1.116152175738993,0.022092556676458437,,
183,Wynonna Judd,Tony Dovolani,Singer/Rapper,Kentucky,United States,48,16,3,0.6706830753957799,-0.41614922441859403,-1.6663096717539472,-1.483096272488272,-1.2504387078875474,,
184,Kellie Pickler,Derek Hough,Singer/Rapper,North Carolina,United States,26,16,1,1.3455285999545175,1.0186150125747635,1.448225171332872,1.4524565015059603,1.665778773404966,1.0012021643290916,-0.9050722867019209
185,Lisa Vanderpump,Gleb Savchenko,TV Personality,,England,52,16,4,0.33326031311641086,-0.41614922441859403,-1.2769928163680948,-0.7492080789897138,-1.0206761184523798,,
186,Sean Lowe,Peta Murgatroyd,TV Personality,Texas,United States,29,16,8,-1.0164307360010645,0.0621055212458583,0.28027460517531455,-0.015319885491155854,0.4904547582173773,-0.6407693851706187,
187,Valerie Harper,Tristan MacManus,Actor/Actress,New York,United States,74,17,4,0.43448714180022147,-0.24223840781333855,-1.737094554551375,-0.8826422959894517,-1.1885795491934639,,
188,Brant Daugherty,Peta Murgatroyd,Actor/Actress,Ohio,United States,28,17,8,-0.7802348024055064,0.1925386336998002,0.740376343358595,0.11811433150858201,-0.12813682872345894,,
189,Elizabeth Berkley Lauren,Valentin Chmerkovskiy,Actor/Actress,Michigan,United States,39,17,9,-1.0839152884569383,1.0620927167260772,1.0943007573457333,0.7852854165072713,0.29604025946454304,-0.9411300344693462,
190,Leah Remini,Tony Dovolani,Actor/Actress,New York,United States,43,17,10,-1.3875957745083702,-0.24223840781333855,-0.32139689860282095,-0.5490567534901072,0.3137143048057098,-0.5406491687377095,
191,Corbin Bleu,Karina Smirnoff,Actor/Actress,New York,United States,24,17,2,1.0418481139030857,1.0620927167260772,-0.6753213125899594,1.1188709590066157,1.5862455693697157,-1.541851333066801,0.4681408379492694
192,Amber Riley,Derek Hough,Actor/Actress,California,United States,27,17,1,1.3455285999545175,1.4968697582392159,1.448225171332872,1.4524565015059603,-1.709963886757883,0.7809376881766915,-1.560469459830898
193,Keyshawn Johnson,Sharna Burgess,Athlete,California,United States,41,17,2,1.0418481139030857,-1.1117924908396157,-1.737094554551375,-0.8826422959894517,-1.4271791612992148,,
194,Bill Engvall,Emma Slater,Comedian,Texas,United States,56,17,11,-1.6912762605598022,-0.6770154493264773,-1.3831701405642365,-0.21547121099076266,1.4625272519815484,1.2615147270546554,0.6553971731289772
195,Christina Milian,Mark Ballas,Singer/Rapper,New Jersey,United States,31,17,5,0.13080665574878955,0.1925386336998002,0.032527515384317696,0.7852854165072713,0.1723219420763758,,
196,"Nicole ""Snooki"" Polizzi",Sasha Farber,TV Personality,,Chile,25,17,7,-0.47655431635407425,0.627315675212939,0.38645192937145634,0.11811433150858201,-0.2076700327587093,,
197,Jack Osbourne,Cheryl Burke,TV Personality,,England,27,17,3,0.7381676278516537,0.627315675212939,-1.0292457265770978,0.4516998740079267,1.5508974786873821,1.3416109002009828,0.8738628975053029
198,Bill Nye,Tyne Stecklein,TV Personality,Washington D.C.,United States,57,17,3,0.7381676278516537,-1.5465695323527542,-2.0910189685385134,-1.2162278384887963,-1.1355574131699635,,
200,Danica McKellar,Valentin Chmerkovskiy,Actor/Actress,California,United States,39,18,8,-1.0164307360010645,0.5403602669103111,0.6695914605611673,0.3516242112581231,0.07511469269995869,-0.8209857747498551,
201,James Maslow,Peta Murgatroyd,Actor/Actress,New York,United States,23,18,10,-1.6912762605598022,-0.41614922441859403,0.28027460517531455,0.7185683080074025,1.3034608439110478,1.2014425971949099,1.1235380110782465
202,Candace Cameron Bure,Mark Ballas,Actor/Actress,California,United States,37,18,3,0.6706830753957799,1.0186150125747635,-0.8876759609822423,-0.015319885491155854,1.1267203904993803,1.2414906837680737,1.3732131246511903
203,Sean Avery,Karina Smirnoff,Athlete,,Canada,33,18,2,1.0081058376751486,-0.8944039700830464,-1.2769928163680948,-1.483096272488272,-0.0662776700293753,,
204,Diana Nyad,Henry Byalikov,Athlete,New York,United States,64,18,2,1.0081058376751486,-1.3726587157474988,-1.6663096717539472,-1.8500403692375509,-0.6141730756055445,,
205,Charlie White,Sharna Burgess,Athlete,Michigan,United States,26,18,9,-1.3538534982804333,1.4968697582392159,0.6695914605611673,0.3516242112581231,-1.7188009094284662,-1.3816589867741464,
206,Amy Purdy,Derek Hough,Athlete,Nevada,United States,34,18,2,1.0081058376751486,0.5403602669103111,1.0589083159470196,1.0855124047566813,1.1974165718640473,-1.2414906837680737,-0.7178159515222131
207,Meryl Davis,Maksim Chmerkoskiy,Athlete,Michigan,United States,27,18,1,1.3455285999545175,0.5403602669103111,1.448225171332872,1.4524565015059603,1.5155493880050488,1.5018032464936375,-1.2483755678647184
208,Drew Carey,Cheryl Burke,Comedian,Ohio,United States,55,18,6,-0.34158521144232684,-0.41614922441859403,-0.8876759609822423,-1.116152175738993,-1.0471871864641298,,
209,Cody Simpson,Witney Carson,Singer/Rapper,,Australia,17,18,5,-0.004162449162957839,0.0621055212458583,-0.10904225021053778,-0.3822639822404348,-0.9588169597582961,,
210,NeNe Leakes,Tony Dovolani,TV Personality,New York,United States,46,18,7,-0.6790079737216957,-0.41614922441859403,-0.4983591055963901,-0.7492080789897138,-0.2783662141233763,,
211,Antonio Sabato Jr.,Cheryl Burke,Actor/Actress,,Italy,42,19,7,-0.47655431635407425,-1.29294959147009,-0.8227898184179336,-0.6880507295315006,-0.22534407809987606,,
212,Jonathan Bennett,Allison Holker,Actor/Actress,Ohio,United States,33,19,6,-0.17287383030264236,-0.09731272730895914,0.1505023200466971,-0.07647723494936881,-0.4197585768527103,,
213,Lea Thompson,Artem Chigvintsev,Actor/Actress,Minnesota,United States,53,19,9,-1.0839152884569383,0.6997785154651286,0.1505023200466971,0.22930951234169678,0.16348491940579243,-0.8810579046096007,
214,Janel Parrish,Valentin Chmerkovskiy,Actor/Actress,Hawaii,United States,25,19,3,0.7381676278516537,-0.4958583486960025,0.4749330328682409,0.8408830069238288,1.1090463451582135,-1.42170707334731,-0.37451267035941554
215,Alfonso Ribeiro,Witney Carson,Actor/Actress,New York,United States,42,19,1,1.3455285999545175,1.4968697582392159,1.448225171332872,1.4524565015059603,-1.6834528187461328,-1.1413704673351643,-1.466841292241044
216,Lolo Jones,Keo Motsepe,Athlete,Iowa,United States,32,19,1,1.3455285999545175,-1.691495212857134,-1.471651244061021,-2.21698446598683,-1.4183421386286317,,
217,Randy Couture,Karina Smirnoff,Athlete,Washington,United States,51,19,3,0.7381676278516537,0.30123289407808473,-1.1472205312394774,-1.6054109714046985,-1.2062535945346307,,
218,Tommy Chong,Peta Murgatroyd,Comedian,,Canada,76,19,10,-1.3875957745083702,-0.8944039700830464,-0.8227898184179336,-0.3822639822404348,0.720217347652545,-0.0600721298597455,
219,Betsey Johnson,Tony Dovolani,Fashion Designer,Connecticut,United States,72,19,4,0.43448714180022147,-2.0900408342441774,-0.4983591055963901,-0.9938374768225666,-0.8969578010642125,,
220,Michael Waltrip,Emma Slater,Racing Driver,Kentucky,United States,51,19,8,-0.7802348024055064,-1.29294959147009,-0.17392839277484626,-1.911197718695764,-0.14581087406462567,,
221,Tavis Smiley,Sharna Burgess,Radio Personality,Mississippi,United States,50,19,2,1.0418481139030857,-0.4958583486960025,-0.8227898184179336,-1.2996242241136324,-0.932305891746546,,
222,Bethany Mota,Derek Hough,Social Media Personality,California,United States,18,19,11,-1.6912762605598022,0.6997785154651286,1.123794458511328,0.5350962596327627,1.6746157960755494,1.5818994196399647,1.2795849570613365
223,Sadie Robertson,Mark Ballas,TV Personality,Louisiana,United States,17,19,2,1.0418481139030857,1.098324136852172,0.7993637456897847,1.1466697542148943,1.6834528187461328,1.6619955927862922,0.7490253407188311
224,Suzanne Somers,Tony Dovolani,Actor/Actress,California,United States,68,20,5,-0.17287383030264236,-0.6770154493264773,-1.3831701405642365,-0.8826422959894517,-0.720217347652545,,
225,Willow Shields,Mark Ballas,Actor/Actress,New Mexico,United States,14,20,7,-0.9320750454312223,-0.6770154493264773,1.0943007573457333,1.1188709590066157,0.12813682872345894,,
226,Riker Lynch,Allison Holker,Actor/Actress,Colorado,United States,23,20,2,0.9659279923902276,1.0620927167260772,1.448225171332872,1.4524565015059603,0.28720323679395965,-0.7008415150303642,-0.9987004542917747
227,Rumer Willis,Valentin Chmerkovskiy,Actor/Actress,Kentucky,United States,26,20,1,1.3455285999545175,1.4968697582392159,0.740376343358595,1.4524565015059603,-1.6481047280637993,-1.561875376353383,-0.9674910650951568
228,Nastia Liukin,Derek Hough,Athlete,,Russia,25,20,9,-1.6912762605598022,0.627315675212939,1.0943007573457333,1.4524565015059603,0.21650705542929266,-0.720865558316946,
229,Michael Sam,Peta Murgatroyd,Athlete,Texas,United States,25,20,4,0.20672677726164762,-0.24223840781333855,-1.0292457265770978,-0.5490567534901072,-0.4904547582173773,,
230,Robert Herjavec,Kym Johnson,Entrepreneur,,Croatia,52,20,8,-1.3116756529955123,0.1925386336998002,-0.32139689860282095,-0.21547121099076266,1.5420604560167988,1.1013223807620007,
231,Charlotte McKinney,Keo Motsepe,Model,Florida,United States,21,20,3,0.5863273848259376,-1.1117924908396157,-1.737094554551375,-1.2162278384887963,-0.5523139169114609,,
232,Noah Galloway,Sharna Burgess,Motivational Speaker,Alabama,United States,33,20,3,0.5863273848259376,-0.24223840781333855,0.032527515384317696,0.7852854165072713,1.4713642746521318,1.0412502509022552,1.6853070166173698
233,Redfoo,Emma Slater,Singer/Rapper,California,United States,39,20,2,0.9659279923902276,-1.1117924908396157,-0.6753213125899594,-0.21547121099076266,-1.285786798569881,,
234,Patti LaBelle,Artem Chigvintsev,Singer/Rapper,Pennsylvania,United States,70,20,6,-0.5524744378669323,-0.6770154493264773,0.032527515384317696,0.4516998740079267,-0.1369738513940423,,
235,Chris Soules,Witney Carson,TV Personality,Iowa,United States,33,20,8,-1.3116756529955123,-0.24223840781333855,0.38645192937145634,0.11811433150858201,1.6039196147108825,1.2214666404814918,
236,Gary Busey,Anna Trebunskaya,Actor/Actress,Texas,United States,71,21,4,0.43448714180022147,-0.41614922441859403,-1.2769928163680948,-0.7492080789897138,-1.497875342663882,,
237,Alexa PenaVega,Mark Ballas,Actor/Actress,Florida,United States,27,21,9,-1.0839152884569383,0.5403602669103111,-0.10904225021053778,1.4524565015059603,0.9411429144171294,-1.4016830300607284,
238,Carlos PenaVega,Witney Carson,Actor/Actress,Missouri,United States,26,21,11,-1.6912762605598022,1.0186150125747635,0.6695914605611673,1.4524565015059603,0.8439356650407123,0.040048086573163666,-0.8426535083086849
239,Victor Espinoza,Karina Smirnoff,Athlete,,Mexico,43,21,2,1.0418481139030857,-0.41614922441859403,-0.4983591055963901,-0.015319885491155854,-0.1723219420763758,,
240,Alek Skarlatos,Lindsay Arnold,Military,California,United States,22,21,3,0.7381676278516537,0.5403602669103111,-0.10904225021053778,0.7185683080074025,1.5067123653344654,0.8209857747498551,1.716516405813988
241,Chaka Khan,Keo Motsepe,Singer/Rapper,Illinois,United States,62,21,2,1.0418481139030857,-0.8944039700830464,-1.6663096717539472,-1.116152175738993,-0.5346398715702941,,
242,Andy Grammer,Allison Holker,Singer/Rapper,California,United States,31,21,8,-0.7802348024055064,0.0621055212458583,1.448225171332872,0.3516242112581231,-0.05744064735879193,,
244,Nick Carter,Sharna Burgess,Singer/Rapper,New York,United States,35,21,2,1.0418481139030857,1.4968697582392159,1.0589083159470196,1.4524565015059603,-1.3388089345933811,0.240288519438982,-0.8114441191120669
245,Hayes Grier,Emma Slater,Social Media Personality,North Carolina,United States,15,21,7,-0.47655431635407425,0.0621055212458583,0.28027460517531455,1.0855124047566813,-0.2606921687822095,,
246,Bindi Irwin,Derek Hough,TV Personality,,Australia,17,21,1,1.3455285999545175,1.4968697582392159,1.448225171332872,1.4524565015059603,-1.1267203904993803,-1.2014425971949099,-0.6866065623255951
248,Paula Deen,Louis van Amstel,TV Personality,Georgia,United States,68,21,6,-0.17287383030264236,-0.41614922441859403,-0.8876759609822423,-0.3822639822404348,-0.8439356650407123,,
249,Mischa Barton,Artem Chigvintsev,Actor/Actress,,England,30,22,3,0.5863273848259376,0.1925386336998002,-0.6753213125899594,-0.8826422959894517,-0.7378913929937118,,
250,Kim Fields,Sasha Farber,Actor/Actress,New York,United States,46,22,7,-0.9320750454312223,0.627315675212939,0.032527515384317696,-0.21547121099076266,0.932305891746546,,
251,Jodie Sweetin,Keo Motsepe,Actor/Actress,California,United States,34,22,8,-1.3116756529955123,0.627315675212939,0.38645192937145634,1.4524565015059603,0.5876620075937944,-1.441731116633892,
252,Doug Flutie,Karina Smirnoff,Athlete,Maryland,United States,53,22,6,-0.5524744378669323,-0.24223840781333855,-0.32139689860282095,-0.5490567534901072,-0.40208453151154355,,
253,Von Miller,Witney Carson,Athlete,Texas,United States,27,22,7,-0.9320750454312223,1.0620927167260772,0.032527515384317696,-0.21547121099076266,1.2769497758992976,,
254,Antonio Brown,Sharna Burgess,Athlete,Florida,United States,27,22,9,-1.6912762605598022,1.0620927167260772,0.740376343358595,0.11811433150858201,1.497875342663882,0.6808174717437823,
255,Paige VanZant,Mark Ballas,Athlete,Oregon,United States,22,22,2,0.9659279923902276,1.0620927167260772,1.0943007573457333,1.1188709590066157,1.241601685216964,0.14016830300607283,-1.6228882382241339
256,Geraldo Rivera,Edyta Sliwinska,Journalist,New York,United States,72,22,2,0.9659279923902276,-0.6770154493264773,-1.0292457265770978,-1.2162278384887963,-1.4448532066403816,,
257,Nyle DiMarco,Peta Murgatroyd,Model,New York,United States,26,22,1,1.3455285999545175,1.4968697582392159,0.38645192937145634,0.7852854165072713,0.1016257607117088,1.6820196360728739,1.0923286218816286
258,Ginger Zee,Valentin Chmerkovskiy,News Anchor,California,United States,35,22,3,0.5863273848259376,1.4968697582392159,0.032527515384317696,0.4516998740079267,-0.45510666753504375,-1.321586856914401,0.6241877839323592
259,Wanya Morris,Lindsay Arnold,Singer/Rapper,Pennsylvania,United States,42,22,9,-1.6912762605598022,1.4968697582392159,1.448225171332872,1.4524565015059603,-0.5964990302643778,0.5606732120242913,
260,Marla Maples,Tony Dovolani,TV Personality,Georgia,United States,52,22,4,0.20672677726164762,1.0620927167260772,-0.32139689860282095,-0.5490567534901072,-0.4285955995232937,,
261,Jake T. Austin,Jenna Johnson,Actor/Actress,New York,United States,21,23,2,1.0418481139030857,-0.4958583486960025,-1.1472205312394774,-1.6054109714046985,-0.8792837557230457,,
262,Maureen McCormick,Artem Chigvintsev,Actor/Actress,California,United States,60,23,7,-0.47655431635407425,-0.4958583486960025,0.1505023200466971,-0.6880507295315006,-0.6318471209467112,,
263,Marilu Henner,Derek Hough,Actor/Actress,Illinois,United States,64,23,9,-1.0839152884569383,1.098324136852172,0.4749330328682409,0.22930951234169678,0.2783662141233763,-0.7809376881766915,
264,Ryan Lochte,Cheryl Burke,Athlete,New York,United States,32,23,8,-0.7802348024055064,-0.09731272730895914,-0.4983591055963901,-0.3822639822404348,-0.09278873804112543,,
265,Calvin Johnson Jr.,Lindsay Arnold,Athlete,Georgia,United States,30,23,3,0.7381676278516537,0.6997785154651286,0.7993637456897847,0.5350962596327627,1.524386410675632,1.3816589867741464,1.0299098434883927
266,Laurie Hernandez,Valentin Chmerkovskiy,Athlete,New Jersey,United States,16,23,1,1.3455285999545175,1.4968697582392159,0.7993637456897847,1.1466697542148943,-1.2946238212404644,-1.3416109002009828,-1.4044225138478081
267,Amber Rose,Maksim Chmerkoskiy,Model,Pennsylvania,United States,32,23,6,-0.17287383030264236,-0.09731272730895914,-0.8227898184179336,-1.2996242241136324,-0.49929178088796067,,
268,Rick Perry,Emma Slater,Politician,Texas,United States,66,23,3,0.7381676278516537,-0.8944039700830464,-1.471651244061021,-1.911197718695764,-1.2769497758992976,,
269,James Hinchcliffe,Sharna Burgess,Racing Driver,,Canada,29,23,2,1.0418481139030857,1.4968697582392159,1.123794458511328,0.8408830069238288,-1.1797425265228805,1.3616349434875645,-0.6553971731289772
270,Babyface,Allison Holker,Singer/Rapper,Indiana,United States,57,23,4,0.43448714180022147,0.6997785154651286,-1.1472205312394774,-1.6054109714046985,0.7378913929937118,,
271,Vanilla Ice,Witney Carson,Singer/Rapper,Texas,United States,48,23,4,0.43448714180022147,0.30123289407808473,-0.17392839277484626,-0.9938374768225666,0.861609710381879,,
272,Jana Kramer,Gleb Savchenko,Singer/Rapper,Michigan,United States,32,23,11,-1.6912762605598022,1.098324136852172,1.448225171332872,-0.07647723494936881,1.612756637381466,-1.2214666404814918,1.3420037354545722
273,Terra Jole,Sasha Farber,TV Personality,Texas,United States,36,23,10,-1.3875957745083702,0.30123289407808473,-0.4983591055963901,1.4524565015059603,1.2681127532287142,1.1814185539083282,
274,Charo,Keo Motsepe,Actor/Actress,,Spain,66,24,3,0.5863273848259376,-1.1117924908396157,-2.0910189685385134,-1.8833989234874853,-1.3476459572639645,,
275,Mr. T,Kym Herjavec,Actor/Actress,Illinois,United States,64,24,4,0.20672677726164762,-1.5465695323527542,-1.737094554551375,-1.5498133809881407,-0.9764910050994628,,
276,Heather Morris,Maksim Chmerkoskiy,Actor/Actress,California,United States,30,24,6,-0.5524744378669323,0.627315675212939,1.448225171332872,0.4516998740079267,0.7113803249819617,,
277,Nancy Kerrigan,Artem Chigvintsev,Athlete,Massachusetts,United States,47,24,7,-0.9320750454312223,0.627315675212939,0.032527515384317696,-0.21547121099076266,0.8527726877112957,,
278,Bonner Bolton,Sharna Burgess,Athlete,Texas,United States,29,24,8,-1.3116756529955123,-0.6770154493264773,-0.6753213125899594,-1.2162278384887963,0.36673644082921003,,
279,Simone Biles,Sasha Farber,Athlete,Ohio,United States,20,24,9,-1.6912762605598022,1.4968697582392159,0.38645192937145634,1.4524565015059603,-1.6922898414167162,,
280,David Ross,Lindsay Arnold,Athlete,Georgia,United States,40,24,2,0.9659279923902276,0.627315675212939,-1.0292457265770978,0.11811433150858201,1.1002093224876301,,1.52926007063428
281,Rashad Jennings,Emma Slater,Athlete,Virginia,United States,32,24,1,1.3455285999545175,1.0620927167260772,0.740376343358595,1.1188709590066157,0.4462696448644604,,-1.3107943462579543
282,Chris Kattan,Witney Carson,Comedian,California,United States,46,24,2,0.9659279923902276,-1.9813465738658929,-2.444943382525652,-2.21698446598683,-1.215090617205214,,
283,Erika Jayne,Gleb Savchenko,Singer/Rapper,Georgia,United States,45,24,5,-0.17287383030264236,-0.24223840781333855,-0.32139689860282095,-0.8826422959894517,-0.39324750884096016,,
284,Normani,Valentin Chmerkovskiy,Singer/Rapper,Georgia,United States,20,24,3,0.5863273848259376,0.1925386336998002,1.0943007573457333,0.7852854165072713,1.4360161839697982,,-0.6241877839323592
285,Nick Viall,Peta Murgatroyd,TV Personality,Wisconsin,United States,36,24,7,-0.9320750454312223,-0.24223840781333855,-1.3831701405642365,-0.5490567534901072,0.9764910050994628,,
286,Sasha Pieterse,Gleb Savchenko,Actor/Actress,,South Africa,21,25,5,-0.004162449162957839,-0.09731272730895914,0.1505023200466971,-0.3822639822404348,-0.9499799370877128,,
287,Frankie Muniz,Witney Carson,Actor/Actress,New Jersey,United States,31,25,3,0.6706830753957799,0.30123289407808473,-0.17392839277484626,1.1466697542148943,1.356482979934548,0.720865558316946,1.1859567894714824
288,Jordan Fisher,Lindsay Arnold,Actor/Actress,Alabama,United States,23,25,1,1.3455285999545175,1.4968697582392159,1.123794458511328,1.4524565015059603,-1.5862455693697157,-1.6820196360728739,-1.0923286218816286
289,Derek Fisher,Sharna Burgess,Athlete,Arkansas,United States,43,25,4,0.33326031311641086,-0.09731272730895914,-0.4983591055963901,-0.6880507295315006,-1.07369825447588,,
290,Nikki Bella,Artem Chigvintsev,Athlete,California,United States,33,25,7,-0.6790079737216957,0.6997785154651286,0.4749330328682409,-0.3822639822404348,1.382994047946298,,
291,Terrell Owens,Cheryl Burke,Athlete,Alabama,United States,43,25,8,-1.0164307360010645,-1.29294959147009,0.7993637456897847,-0.07647723494936881,0.11929980605287556,-0.9211059911827643,
292,Victoria Arlen,Valentin Chmerkovskiy,Athlete,New Hamshire,United States,22,25,9,-1.3538534982804333,0.30123289407808473,-0.17392839277484626,0.5350962596327627,0.7732394836760452,-0.30036064929872747,
293,Barbara Corcoran,Keo Motsepe,Entrepreneur,New Jersey,United States,68,25,2,1.0081058376751486,-1.691495212857134,-1.7960819568825648,-1.6054109714046985,-0.5434768942408775,,
294,Lindsey Stirling,Mark Ballas,Musician,California,United States,31,25,2,1.0081058376751486,1.4968697582392159,1.448225171332872,1.4524565015059603,-0.15464789673520904,1.321586856914401,-1.0611192326850107
295,Debbie Gibson,Alan Bersten,Singer/Rapper,New York,United States,47,25,2,1.0081058376751486,-0.4958583486960025,-1.1472205312394774,-0.9938374768225666,-0.21650705542929266,,
296,Nick Lachey,Peta Murgatroyd,Singer/Rapper,Kentucky,United States,43,25,6,-0.34158521144232684,-0.09731272730895914,-1.471651244061021,-1.2996242241136324,-0.4462696448644604,,
297,Drew Scott,Emma Slater,TV Personality,,Canada,39,25,10,-1.6912762605598022,-0.8944039700830464,-0.8227898184179336,0.8408830069238288,1.5597345013579655,1.1613945106217463,1.466841292241044
298,Vanessa Lachey,Maksim Chmerkoskiy,TV Personality,,Philippines,36,25,7,-0.6790079737216957,1.098324136852172,0.4749330328682409,0.22930951234169678,0.9588169597582961,,
299,Jamie Anderson,Artem Chigvintsev,Athlete,California,United States,27,26,1,1.3455285999545175,-0.6287068891583505,-1.5797948150015357,-1.401553139877321,0.8085875743583788,,
300,Johnny Damon,Emma Slater,Athlete,Kansas,United States,44,26,1,1.3455285999545175,-1.1601010510077423,-2.0123690987635943,-1.8092688029320754,0.15464789673520904,,
301,Kareem Abdul-Jabbar,Lindsay Arnold,Athlete,New York,United States,71,26,2,-0.17287383030264236,-1.691495212857134,-0.7146462474774192,-0.5861218137678121,-0.30487728213512644,,
302,Arike Ogunbowale,Gleb Savchenko,Athlete,Wisconsin,United States,21,26,2,-0.17287383030264236,-0.09731272730895914,0.1505023200466971,0.22930951234169678,0.9853280277700462,,
303,Jennie Finch Daigle,Keo Motsepe,Athlete,California,United States,37,26,3,-1.6912762605598022,0.4340814345404327,-1.1472205312394774,-0.9938374768225666,0.4197585768527103,0.20024043286581833,
304,Chris Mazdzer,Witney Carson,Athlete,Massachusetts,United States,29,26,3,-1.6912762605598022,0.4340814345404327,-0.28207196371536086,-0.17840615071305746,0.7820765063466286,0.8410098180364369,
305,Mirai Nagasu,Alan Bersten,Athlete,California,United States,25,26,3,-1.6912762605598022,0.965475596389824,0.1505023200466971,0.22930951234169678,0.8704467330524623,1.081298337475419,
306,Tonya Harding,Sasha Farber,Athlete,Oregon,United States,47,26,3,-1.6912762605598022,0.965475596389824,0.5830766038087555,0.6370251753964514,-0.013255534005875062,-0.5806972553108731,1.2171661786681005
307,Josh Norman,Sharna Burgess,Athlete,South Carolina,United States,30,26,2,-0.17287383030264236,1.4968697582392159,1.0156508875708135,1.0447408384512056,-1.4713642746521318,0.3804568224450548,0.5305596163425054
308,Adam Rippon,Jenna Johnson,Athlete,Pennsylvania,United States,28,26,1,1.3455285999545175,1.4968697582392159,1.448225171332872,1.4524565015059603,-1.356482979934548,-1.6019234629265466,-1.2795849570613365
309,Juan Pablo Di Pace,Cheryl Burke,Actor/Actress,,Argentina,39,27,8,-1.6912762605598022,1.098324136852172,1.448225171332872,1.4524565015059603,0.3490623954880433,-1.6219475062131283,
310,Evanna Lynch,Keo Motsepe,Actor/Actress,,Ireland,27,27,3,0.47787006837899765,-0.09731272730895914,1.123794458511328,1.4524565015059603,0.6230100982761279,-0.6007212985974549,-1.1547474002748646
311,Nancy McKeon,Valentin Chmerkovskiy,Actor/Actress,New York,United States,52,27,3,0.47787006837899765,0.30123289407808473,-0.17392839277484626,-0.6880507295315006,-0.9676539824288795,,
312,John Schneider,Emma Slater,Actor/Actress,New York,United States,58,27,7,-1.2574469947720424,-0.09731272730895914,-0.4983591055963901,0.8408830069238288,0.4816177355467939,,
313,Milo Manheim,Witney Carson,Actor/Actress,California,United States,17,27,2,0.9116993341667574,0.6997785154651286,1.448225171332872,1.4524565015059603,0.6760322342996281,-0.42050490901821846,-1.1859567894714824
314,Danelle Umstead,Artem Chigvintsev,Athlete,New Mexico,United States,46,27,2,0.9116993341667574,-0.09731272730895914,-0.8227898184179336,-0.9938374768225666,-1.2327646625463806,,
315,Mary Lou Retton,Sasha Farber,Athlete,West Virginia,United States,50,27,6,-0.8236177289842823,0.6997785154651286,0.1505023200466971,-0.07647723494936881,-0.03092957934704181,,
316,DeMarcus Ware,Lindsay Arnold,Athlete,Alabama,United States,36,27,7,-1.2574469947720424,1.4968697582392159,0.4749330328682409,0.5350962596327627,-1.3122978665816312,,
317,Nikki Glaser,Gleb Savchenko,Comedian,Ohio,United States,34,27,1,1.3455285999545175,-0.4958583486960025,-1.1472205312394774,-1.2996242241136324,-1.4095051159580483,,
318,Bobby Bones,Sharna Burgess,Radio Personality,Arkansas,United States,38,27,1,1.3455285999545175,0.6997785154651286,-0.17392839277484626,0.8408830069238288,1.6569417507343827,1.561875376353383,1.591678849027516
319,Tinashe,Brandon Armstrong,Singer/Rapper,Kentucky,United States,25,27,4,0.04404080259123754,1.4968697582392159,0.4749330328682409,0.22930951234169678,-1.612756637381466,,
320,Alexis Ren,Alan Bersten,Social Media Personality,California,United States,21,27,4,0.04404080259123754,1.098324136852172,0.7993637456897847,1.1466697542148943,0.8174245970289621,-0.4405289523048003,0.5929783947357412
321,Joe Amabile,Jenna Johnson,TV Personality,Illinois,United States,32,27,8,-1.6912762605598022,-0.8944039700830464,-0.17392839277484626,-0.3822639822404348,1.1355574131699635,0.8009617314632733,
322,Kate Flannery,Pasha Pashkov,Actor/Actress,Pennsylvania,United States,55,28,8,-1.0164307360010645,-1.3726587157474988,1.448225171332872,-0.3822639822404348,-0.7644024610054618,,
323,James Van Der Beek,Emma Slater,Actor/Actress,Connecticut,United States,42,28,10,-1.6912762605598022,1.4968697582392159,1.448225171332872,-0.7492080789897138,-0.11929980605287556,-0.8410098180364369,
324,Kel Mitchell,Witney Carson,Actor/Actress,Illinois,United States,41,28,2,1.0081058376751486,-0.8944039700830464,1.0589083159470196,1.0855124047566813,0.8792837557230457,-0.14016830300607283,-0.5929783947357412
326,Lamar Odom,Peta Murgatroyd,Athlete,New York,United States,39,28,4,0.33326031311641086,-2.3291682070764037,-0.4983591055963901,-1.8500403692375509,-1.3299719119227977,,
327,Sailor Brinkley-Cook,Valentin Chmerkovskiy,Model,New York,United States,21,28,6,-0.34158521144232684,0.0621055212458583,1.448225171332872,-0.015319885491155854,-0.6671952116290447,,
328,Sean Spicer,Lindsay Arnold,Politician,New York,United States,48,28,9,-1.3538534982804333,-1.8509134614119513,-0.10904225021053778,-1.483096272488272,0.004418511335291687,-0.9010819478961825,
329,Mary Wilson,Brandon Armstrong,Singer/Rapper,Nevada,United States,75,28,2,1.0081058376751486,-0.41614922441859403,-0.4983591055963901,-1.8500403692375509,-0.9234688690759626,,
330,Lauren Alaina,Gleb Savchenko,Singer/Rapper,Georgia,United States,24,28,4,0.33326031311641086,0.5403602669103111,1.0589083159470196,0.3516242112581231,1.3299719119227977,1.0212262076156735,0.34330328116279757
331,Ally Brooke,Sasha Farber,Singer/Rapper,Texas,United States,26,28,3,0.6706830753957799,-0.8944039700830464,0.6695914605611673,1.4524565015059603,1.5332234333462154,0.7609136448901096,0.1560469459830898
332,Karamo Brown,Jenna Johnson,TV Personality,Texas,United States,38,28,7,-0.6790079737216957,-0.41614922441859403,0.6695914605611673,-1.116152175738993,-0.7025433023113783,,
333,Hannah Brown,Alan Bersten,TV Personality,Alabama,United States,24,28,1,1.3455285999545175,1.0186150125747635,0.28027460517531455,0.7185683080074025,1.2327646625463806,0.8810579046096007,0.21846572437632572
334,Anne Heche,Keo Motsepe,Actor/Actress,Ohio,United States,51,29,4,0.33326031311641086,0.3932049605520181,0.2503271547610183,0.041133052470271894,-1.4625272519815484,,
335,Jesse Metcalfe,Sharna Burgess,Actor/Actress,California,United States,41,29,5,-0.004162449162957839,0.3932049605520181,-0.04914734938194487,-0.24113163733686604,-1.0913722998170468,,
336,Chrishell Stause,Gleb Savchenko,Actor/Actress,Kentucky,United States,39,29,8,-1.0164307360010645,-0.7104598371351801,0.8492761630469451,0.8879271218916849,-0.6406841436172946,,
337,Skai Jackson,Alan Bersten,Actor/Actress,New York,United States,18,29,10,-1.6912762605598022,1.4968697582392159,-0.3486218535249085,1.1701918116988228,0.7025433023113783,-0.22026447615240016,
338,Justina Machado,Sasha Farber,Actor/Actress,Illinois,United States,48,29,4,0.33326031311641086,1.4968697582392159,1.448225171332872,1.4524565015059603,0.47278071287621054,-0.5206251254511276,-0.5617690055391232
339,Charles Oakley,Emma Slater,Athlete,Ohio,United States,56,29,2,1.0081058376751486,-1.0783481030309126,-0.6480963576678717,-0.5233963271440035,-1.453690229310965,,
340,Veron Davis,Peta Murgatroyd,Athlete,Washington D.C.,United States,36,29,6,-0.34158521144232684,0.02531669465628517,0.2503271547610183,0.041133052470271894,-0.9057948237347959,,
341,Johnny Weir,Britt Stewart,Athlete,Pennsylvania,United States,36,29,10,-1.6912762605598022,0.3932049605520181,0.5498016589039819,1.1701918116988228,0.9146318464053792,-0.08009617314632733,
342,Nev Schulman,Jenna Johnson,Producer,New York,United States,35,29,2,1.0081058376751486,1.1289814923434836,1.1487506671899086,1.4524565015059603,0.8881207783936291,-0.16019234629265466,-0.03120938919661796
343,AJ McLean,Cheryl Burke,Singer/Rapper,Florida,United States,42,29,9,-1.3538534982804333,0.3932049605520181,1.448225171332872,0.6056624320845474,-0.18999598741754256,,
344,Nelly,Daniella Karagach,Singer/Rapper,Texas,United States,45,29,3,0.6706830753957799,-0.34257157123944726,0.8492761630469451,1.1701918116988228,1.1620684811817137,0.30036064929872747,0.37451267035941554
345,Kaitlyn Bristowe,Artem Chigvintsev,TV Personality,,Canada,35,29,1,1.3455285999545175,1.1289814923434836,1.448225171332872,1.4524565015059603,0.9676539824288795,0.0,0.0
346,Carole Baskin,Pasha Pashkov,TV Personality,Texas,United States,59,29,3,0.6706830753957799,-1.4462363689266453,-0.947570861810835,-0.8056610169511413,-1.3918310706168815,,
347,Monica Aldama,Valentin Chmerkovskiy,TV Personality,Alabama,United States,48,29,7,-0.6790079737216957,0.7610932264477506,1.448225171332872,0.3233977422774094,0.5611509395820443,,
349,Martin Kove,Britt Stewart,Actor/Actress,New York,United States,75,30,2,0.9659279923902276,-1.2360145027005125,-0.7764425737291418,-0.9064698347394048,-1.5155493880050488,,
350,Brian Austin Green,Sharna Burgess,Actor/Actress,California,United States,48,30,4,0.20672677726164762,-0.21118290484811408,-0.4983591055963901,-0.64436690848992,0.19883301008812593,,
351,Melora Hardin,Artem Chigvintsev,Actor/Actress,Texas,United States,54,30,9,-1.6912762605598022,0.4720381603868177,0.6139747669346167,0.40404479650802033,0.3402253728174599,-0.5606732120242913,
352,Matt James,Lindsay Arnold,Athlete,North Carolina,United States,29,30,4,0.20672677726164762,-0.21118290484811408,0.057807830669113526,-0.1201610559909499,0.45510666753504375,,
353,"Mike ""The Miz"" Mizanin",Witney Carson,Athlete,Ohio,United States,40,30,7,-0.9320750454312223,-0.21118290484811408,0.6139747669346167,0.1419418702585354,-0.6053360529349612,,
354,Suni Lee,Sasha Farber,Athlete,Minnesota,United States,18,30,9,-1.6912762605598022,1.15525922562175,0.8920582350673683,0.6661477227575052,0.6848692569702115,0.16019234629265466,
355,Iman Shumpert,Daniella Karagach,Athlete,Illinois,United States,31,30,1,1.3455285999545175,-0.8944039700830464,1.448225171332872,1.4524565015059603,0.790913529017212,-0.1802163895792365,-0.34330328116279757
356,Cody Rigsby,Cheryl Burke,Fitness Instructor,California,United States,34,30,3,0.5863273848259376,-0.21118290484811408,0.8920582350673683,0.9282506490069902,1.0206761184523798,0.5406491687377095,0.3120938919661796
357,Melanie C,Gleb Savchenko,Singer/Rapper,,England,47,30,5,-0.17287383030264236,0.8136486930042836,0.8920582350673683,0.40404479650802033,-1.241601685216964,,
358,Jimmie Allen,Emma Slater,Singer/Rapper,Delaware,United States,36,30,8,-1.3116756529955123,-0.5527934374655805,1.1701417032001202,0.1419418702585354,0.9234688690759626,,
359,Olivia Jade,Valentin Chmerkovskiy,Social Media Personality,California,United States,21,30,8,-1.3116756529955123,0.1304276277693518,0.8920582350673683,0.40404479650802033,0.7290543703231284,,
360,JoJo Siwa,Jenna Johnson,Social Media Personality,Nebraska,United States,18,30,2,0.9659279923902276,1.4968697582392159,1.448225171332872,1.4524565015059603,0.6406841436172946,-0.3804568224450548,-0.21846572437632572
361,Christine Chiu,Pasha Pashkov,TV Personality,,Taiwan China,38,30,3,0.5863273848259376,0.1304276277693518,-0.22027563746363849,-0.3822639822404348,-1.170905503852297,,
362,Kenya Moore,Brandon Armstrong,TV Personality,Michigan,United States,50,30,6,-0.5524744378669323,0.4720381603868177,0.33589129880186513,0.1419418702585354,-0.8262616196995455,,
363,Amanda Kloots,Alan Bersten,TV Personality,Ohio,United States,39,30,4,0.20672677726164762,1.15525922562175,1.1701417032001202,1.1903535752564753,0.7644024610054618,-0.10012021643290916,-0.09362816758985389
364,Jason Lewis,Peta Murgatroyd,Actor/Actress,California,United States,51,31,1,1.3455285999545175,-1.5776250353179784,-1.3326095099946453,-1.1685727609888898,-1.5420604560167988,,
365,Cheryl Ladd,Louis van Amstel,Actor/Actress,South Dakota,United States,71,31,3,0.5863273848259376,-0.8944039700830464,-0.7764425737291418,-0.64436690848992,-1.4890383199932986,,
367,Joseph Baena,Daniella Karagach,Actor/Actress,California,United States,24,31,5,-0.17287383030264236,-0.5527934374655805,0.6139747669346167,0.9282506490069902,0.5523139169114609,,
368,Trevor Donovan,Emma Slater,Actor/Actress,California,United States,39,31,9,-1.6912762605598022,-0.8944039700830464,0.33589129880186513,0.40404479650802033,0.649521166287878,-0.240288519438982,
369,Daniel Durant,Britt Stewart,Actor/Actress,Michigan,United States,32,31,9,-1.6912762605598022,0.4720381603868177,0.33589129880186513,0.6661477227575052,0.5081288035585441,-0.360432779158473,
370,Wayne Brady,Witney Carson,Comedian,Georgia,United States,50,31,3,0.5863273848259376,1.15525922562175,0.33589129880186513,1.1903535752564753,0.6583581889584614,0.120144259719491,-0.1560469459830898
371,Sam Champion,Cheryl Burke,News Anchor,Kentucky,United States,61,31,4,0.20672677726164762,-1.2360145027005125,-0.4983591055963901,-0.3822639822404348,-1.1532314585111303,,
372,Jessie James Decker,Alan Bersten,Singer/Rapper,,Italy,34,31,6,-0.5524744378669323,-1.2360145027005125,0.057807830669113526,0.1419418702585354,-0.7467284156642952,,
373,Jordin Sparks,Brandon Armstrong,Singer/Rapper,Arizona,United States,32,31,7,-0.9320750454312223,0.1304276277693518,0.33589129880186513,0.6661477227575052,-0.437432622193877,,
374,Heidi D'Amelio,Artem Chigvintsev,Social Media Personality,Louisiana,United States,50,31,8,-1.3116756529955123,-0.21118290484811408,0.8920582350673683,0.9282506490069902,0.5169658262291273,,
375,Charli D'Amelio,Mark Ballas,Social Media Personality,Connecticut,United States,18,31,1,1.3455285999545175,1.4968697582392159,1.448225171332872,1.4524565015059603,0.5258028488997107,-0.46055299559138213,-0.2808845027695616
376,Teresa Giudice,Pasha Pashkov,TV Personality,New Jersey,United States,50,31,2,0.9659279923902276,-1.2360145027005125,-1.0545260418618934,-0.9064698347394048,-1.3211348892522146,,
377,Vinny Guadagnino,Koko Iwasaki,TV Personality,New York,United States,34,31,8,-1.3116756529955123,-1.9192355679354445,-0.22027563746363849,-0.1201610559909499,1.1797425265228805,,
378,Shangela,Gleb Savchenko,TV Personality,Texas,United States,40,31,4,0.20672677726164762,0.8136486930042836,0.8920582350673683,1.1903535752564753,0.7467284156642952,0.020024043286581833,0.09362816758985389
379,Gabby Windey,Valentin Chmerkovskiy,TV Personality,Illinois,United States,31,31,2,0.9659279923902276,0.8136486930042836,1.1701417032001202,1.4524565015059603,0.7997505516877954,0.1802163895792365,0.06241877839323592
380,Jamie Lynn Spears,Alan Bersten,Actor/Actress,Mississippi,United States,32,32,2,0.9659279923902276,-0.7104598371351801,-1.8459943742397253,-1.087925706758279,-1.144394435840547,,
381,Mira Sorvino,Gleb Savchenko,Actor/Actress,New York,United States,55,32,5,-0.17287383030264236,0.02531669465628517,-0.947570861810835,-0.5233963271440035,-1.003002073111213,,
382,Barry Williams,Peta Murgatroyd,Actor/Actress,California,United States,68,32,8,-1.3116756529955123,-0.34257157123944726,-0.3486218535249085,0.3233977422774094,-0.2518551461116262,,
383,Alyson Hannigan,Sasha Farber,Actor/Actress,Washington D.C.,United States,49,32,5,-0.17287383030264236,-1.0783481030309126,-0.6480963576678717,0.6056624320845474,1.0471871864641298,-0.2603125627255638,-0.40572205955603347
384,Xochitl Gomez,Valentin Chmerkovskiy,Actor/Actress,California,United States,17,32,1,1.3455285999545175,0.3932049605520181,1.448225171332872,1.4524565015059603,1.3741570252757147,-0.3203846925853093,-0.49935022714588734
385,Adrian Peterson,Britt Stewart,Athlete,Texas,United States,38,32,4,0.20672677726164762,0.3932049605520181,-1.546519870096762,-0.8056610169511413,-1.0383501637935464,,
386,Matt Walsh,Koko Iwasaki,Comedian,Illinois,United States,58,32,1,1.3455285999545175,-1.4462363689266453,-2.444943382525652,-1.6524550863725544,-1.5508974786873821,,
387,Tyson Beckford,Jenna Johnson,Model,New York,United States,52,32,3,0.5863273848259376,-1.4462363689266453,-2.1454688783826885,-1.3701903965654167,-0.790913529017212,,
388,Jason Mraz,Daniella Karagach,Singer/Rapper,Virginia,United States,46,32,2,0.9659279923902276,1.1289814923434836,0.8492761630469451,1.4524565015059603,1.2592757305581308,-0.120144259719491,-0.06241877839323592
389,Lele Pons,Brandon Armstrong,Social Media Personality,,Venezuela,27,32,7,-0.9320750454312223,0.7610932264477506,0.2503271547610183,0.8879271218916849,-0.28720323679395965,,
390,Harry Jowsey,Rylee Arnold,TV Personality,,Australia,26,32,9,-1.6912762605598022,-1.4462363689266453,-1.2470453659537986,-0.24113163733686604,1.003002073111213,-0.7408896016035278,
391,Mauricio Umansky,Emma Slater,TV Personality,,Mexico,53,32,6,-0.5524744378669323,-0.7104598371351801,-0.04914734938194487,0.041133052470271894,-0.4816177355467939,,
392,Charity Lawson,Artem Chigvintsev,TV Personality,Georgia,United States,27,32,4,0.20672677726164762,1.4968697582392159,0.5498016589039819,1.1701918116988228,1.4271791612992148,0.6407693851706187,0.40572205955603347
393,Ariana Madix,Pasha Pashkov,TV Personality,Florida,United States,38,32,3,0.5863273848259376,1.1289814923434836,1.1487506671899086,1.1701918116988228,1.453690229310965,0.6607934284572005,0.24967511357294367
394,Tori Spelling,Pasha Pashkov,Actor/Actress,California,United States,51,33,2,0.8393944565354644,-0.8944039700830464,0.1505023200466971,-0.3822639822404348,-0.32255132747629317,,
395,Eric Roberts,Britt Stewart,Actor/Actress,California,United States,68,33,3,0.33326031311641086,-1.691495212857134,-0.17392839277484626,-0.6880507295315006,-0.5699879622526276,,
396,Reginald VelJohnson,Emma Slater,Actor/Actress,New York,United States,74,33,3,0.33326031311641086,-1.29294959147009,-0.8227898184179336,-1.2996242241136324,-0.7555654383348785,,
397,Chandler Kinney,Brandon Armstrong,Actor/Actress,California,United States,24,33,3,0.33326031311641086,1.4968697582392159,1.448225171332872,1.1466697542148943,0.8969578010642125,-0.40048086573163666,-0.43693144875265144
398,Dwight Howard,Daniella Karagach,Athlete,Georgia,United States,38,33,7,-1.6912762605598022,1.098324136852172,1.123794458511328,-0.07647723494936881,0.09278873804112543,-0.9811781210425098,
399,Danny Amendola,Witney Carson,Athlete,Texas,United States,39,33,5,-0.6790079737216957,0.30123289407808473,0.7993637456897847,0.22930951234169678,0.9941650504406296,0.2603125627255638,-0.24967511357294367
400,Stephen Nedoroscik,Rylee Arnold,Athlete,Florida,United States,26,33,4,-0.17287383030264236,0.6997785154651286,0.7993637456897847,0.8408830069238288,1.2062535945346307,0.4405289523048003,0.12483755678647183
401,Ilona Maher,Alan Bersten,Athlete,California,United States,28,33,2,0.8393944565354644,-0.4958583486960025,0.4749330328682409,0.5350962596327627,1.3388089345933811,0.6207453418840368,0.03120938919661796
402,Anna Delvey,Ezra Sosa,Con artist,,Russia,33,33,2,0.8393944565354644,-0.4958583486960025,-0.4983591055963901,-0.9938374768225666,0.03092957934704181,,
403,Brooks Nader,Gleb Savchenko,Model,New York,United States,27,33,4,-0.17287383030264236,-0.4958583486960025,0.4749330328682409,-0.07647723494936881,-0.8174245970289621,,
404,Phaedra Parks,Val Chmerkovskiy,TV Personality,Georgia,United States,51,33,5,-0.6790079737216957,-0.09731272730895914,0.4749330328682409,-0.07647723494936881,-1.117883367828797,,
405,Jenn Tran,Sasha Farber,TV Personality,Florida,United States,26,33,6,-1.185142117140749,-0.09731272730895914,1.123794458511328,1.4524565015059603,-0.29604025946454304,,
406,Joey Graziadei,Jenna Johnson,TV Personality,Louisiana,United States,29,33,1,1.3455285999545175,0.6997785154651286,1.448225171332872,0.8408830069238288,1.4095051159580483,0.5806972553108731,0.2808845027695616
407,Corey Feldman,Jenna Johnson,Actor/Actress,California,United States,54,34,2,1.0081058376751486,-0.34257157123944726,-0.947570861810835,-1.6524550863725544,-0.5258028488997107,,
408,Danielle Fishel,Pasha Pashkov,Actor/Actress,California,United States,44,34,8,-1.0164307360010645,0.3932049605520181,1.1487506671899086,0.041133052470271894,-0.3755734634997934,,
409,Elaine Hendrix,Alan Bersten (Rashad Jennings week 9),Actor/Actress,Georgia,United States,55,34,5,-0.004162449162957839,0.3932049605520181,1.1487506671899086,0.3233977422774094,0.9499799370877128,-0.34040873587189113,-0.5305596163425054
410,Baron Davis,Britt Stewart,Athlete,California,United States,46,34,2,1.0081058376751486,0.02531669465628517,-0.6480963576678717,-1.3701903965654167,-0.4109215541821269,,
411,Jordan Chiles,Ezra Sosa (Apolo Anton Ohno week 9),Athlete,Texas,United States,24,34,3,0.6706830753957799,0.02531669465628517,1.448225171332872,1.1701918116988228,1.4448532066403816,0.34040873587189113,-0.18725633517970777
412,Andy Richter,Emma Slater/Kaitlyn Bristowe (week 9),Comedian,California,United States,59,34,9,-1.3538534982804333,-0.34257157123944726,-0.3486218535249085,-0.8056610169511413,-0.004418511335291687,,
413,Robert Irwin,Witney Carson (Xoshitl Gomez week 9),Conservationist,,Australia,22,34,1,1.3455285999545175,1.4968697582392159,1.1487506671899086,1.1701918116988228,1.285786798569881,0.3203846925853093,-0.12483755678647183
414,Hilaria Baldwin,Gleb Savchenko,Entrepreneur,New York,United States,41,34,4,0.33326031311641086,1.1289814923434836,0.2503271547610183,-0.5233963271440035,-1.1974165718640473,,
415,Lauren Jauregui,Brandon Armstrong,Singer/Rapper,Florida,United States,29,34,3,0.6706830753957799,0.7610932264477506,-0.6480963576678717,-1.3701903965654167,-1.2239276398757974,,
416,Scott Hoying,Rylee Arnold,Singer/Rapper,California,United States,34,34,6,-0.34158521144232684,0.02531669465628517,-0.04914734938194487,-1.087925706758279,-0.9146318464053792,,
417,Alix Earle,Val Chmerkovskiy (Joey Graziadei week 9),Social media personality,Florida,United States,24,34,2,1.0081058376751486,0.7610932264477506,0.8492761630469451,1.4524565015059603,1.4006680932874649,0.6007212985974549,0.18725633517970777
418,Jen Affleck,Jan Ravnik,TV Personality,Utah,United States,26,34,7,-0.6790079737216957,0.3932049605520181,0.5498016589039819,-0.24113163733686604,-0.649521166287878,,
419,Whitney Leavitt,Mark Ballas,TV Personality,Utah,United States,32,34,10,-1.6912762605598022,1.4968697582392159,1.448225171332872,0.6056624320845474,0.05744064735879193,-1.1013223807620007,
420,Dylan Efron,Daniella Karagach (Rumer Willis week 9),TV Personality,California,United States,33,34,4,0.33326031311641086,0.02531669465628517,0.5498016589039819,0.8879271218916849,1.5774085466991323,0.7008415150303642,0.43693144875265144
